monday,tuesday,wednesday,thursday,friday,saturday,sunday,start_date,end_date,service_id
0,0,0,0,0,0,1,20250413,20250420,345
0,0,0,0,0,0,1,20250413,20250421,1027
0,0,0,0,0,0,1,20250413,20250421,199
0,0,0,0,0,0,1,20250413,20250427,1201
0,0,0,0,0,0,1,20250413,20250427,1267
0,0,0,0,0,0,1,20250413,20250427,367
0,0,0,0,0,0,1,20250413,20250427,99
0,0,0,0,0,0,1,20250413,20250501,1041
0,0,0,0,0,0,1,20250413,20250504,378
0,0,0,0,0,0,1,20250413,20250510,323
0,0,0,0,0,0,1,20250413,20250511,247
0,0,0,0,0,0,1,20250413,20250511,490
0,0,0,0,0,0,1,20250413,20250511,673
0,0,0,0,0,0,1,20250413,20250511,678
0,0,0,0,0,0,1,20250413,20250511,848
0,0,0,0,0,0,1,20250418,20250501,1000
0,0,0,0,0,0,1,20250418,20250501,29
0,0,0,0,0,0,1,20250419,20250420,508
0,0,0,0,0,0,1,20250419,20250427,159
0,0,0,0,0,0,1,20250419,20250511,977
0,0,0,0,0,0,1,20250420,20250427,1199
0,0,0,0,0,0,1,20250420,20250501,115
0,0,0,0,0,0,1,20250426,20250504,255
0,0,0,0,0,0,1,20250426,20250511,1265
0,0,0,0,0,0,1,20250426,20250511,259
0,0,0,0,0,0,1,20250426,20250511,329
0,0,0,0,0,0,1,20250427,20250504,366
0,0,0,0,0,0,1,20250427,20250511,1209
0,0,0,0,0,0,1,20250427,20250511,665
0,0,0,0,0,0,1,20250501,20250511,458
0,0,0,0,0,0,1,20250502,20250511,491
0,0,0,0,0,0,1,20250503,20250511,1083
0,0,0,0,0,0,1,20250504,20250511,1046
0,0,0,0,0,0,1,20250504,20250511,1221
0,0,0,0,0,0,1,20250504,20250511,786
0,0,0,0,0,0,1,20250504,20250512,576
0,0,0,0,0,1,0,20250418,20250426,263
0,0,0,0,0,1,0,20250418,20250510,426
0,0,0,0,0,1,0,20250419,20250426,344
0,0,0,0,0,1,0,20250419,20250503,285
0,0,0,0,0,1,0,20250419,20250503,353
0,0,0,0,0,1,0,20250419,20250503,580
0,0,0,0,0,1,0,20250419,20250510,45
0,0,0,0,0,1,0,20250420,20250510,981
0,0,0,0,0,1,0,20250426,20250503,1092
0,0,0,0,0,1,0,20250426,20250504,899
0,0,0,0,0,1,0,20250426,20250510,1054
0,0,0,0,0,1,0,20250426,20250510,338
0,0,0,0,0,1,0,20250426,20250510,664
0,0,0,0,0,1,0,20250426,20250510,724
0,0,0,0,0,1,0,20250426,20250510,849
0,0,0,0,0,1,0,20250428,20250511,452
0,0,0,0,0,1,0,20250502,20250510,679
0,0,0,0,0,1,0,20250503,20250510,1050
0,0,0,0,0,1,0,20250503,20250510,1228
0,0,0,0,0,1,0,20250503,20250510,131
0,0,0,0,0,1,0,20250503,20250511,466
0,0,0,0,0,1,0,20250503,20250513,929
0,0,0,0,0,1,1,20250413,20250419,146
0,0,0,0,0,1,1,20250413,20250419,46
0,0,0,0,0,1,1,20250413,20250420,497
0,0,0,0,0,1,1,20250413,20250421,872
0,0,0,0,0,1,1,20250413,20250422,291
0,0,0,0,0,1,1,20250413,20250427,573
0,0,0,0,0,1,1,20250413,20250501,924
0,0,0,0,0,1,1,20250413,20250504,1042
0,0,0,0,0,1,1,20250413,20250504,1194
0,0,0,0,0,1,1,20250413,20250504,30
0,0,0,0,0,1,1,20250413,20250504,574
0,0,0,0,0,1,1,20250413,20250504,770
0,0,0,0,0,1,1,20250413,20250510,775
0,0,0,0,0,1,1,20250413,20250511,1036
0,0,0,0,0,1,1,20250413,20250511,236
0,0,0,0,0,1,1,20250413,20250511,41
0,0,0,0,0,1,1,20250413,20250511,470
0,0,0,0,0,1,1,20250413,20250511,5
0,0,0,0,0,1,1,20250413,20250511,815
0,0,0,0,0,1,1,20250413,20250511,95
0,0,0,0,0,1,1,20250414,20250422,1135
0,0,0,0,0,1,1,20250418,20250426,1247
0,0,0,0,0,1,1,20250418,20250426,1251
0,0,0,0,0,1,1,20250418,20250501,274
0,0,0,0,0,1,1,20250418,20250511,187
0,0,0,0,0,1,1,20250418,20250513,1146
0,0,0,0,0,1,1,20250419,20250420,56
0,0,0,0,0,1,1,20250419,20250426,227
0,0,0,0,0,1,1,20250419,20250427,912
0,0,0,0,0,1,1,20250419,20250501,1208
0,0,0,0,0,1,1,20250419,20250503,998
0,0,0,0,0,1,1,20250419,20250504,1226
0,0,0,0,0,1,1,20250419,20250504,439
0,0,0,0,0,1,1,20250419,20250511,432
0,0,0,0,0,1,1,20250419,20250511,731
0,0,0,0,0,1,1,20250419,20250511,816
0,0,0,0,0,1,1,20250419,20250512,352
0,0,0,0,0,1,1,20250420,20250426,571
0,0,0,0,0,1,1,20250420,20250504,1140
0,0,0,0,0,1,1,20250420,20250511,551
0,0,0,0,0,1,1,20250426,20250427,1079
0,0,0,0,0,1,1,20250426,20250503,59
0,0,0,0,0,1,1,20250426,20250504,1119
0,0,0,0,0,1,1,20250426,20250511,1061
0,0,0,0,0,1,1,20250426,20250511,1238
0,0,0,0,0,1,1,20250426,20250511,568
0,0,0,0,0,1,1,20250426,20250511,797
0,0,0,0,0,1,1,20250426,20250511,896
0,0,0,0,0,1,1,20250426,20250511,925
0,0,0,0,0,1,1,20250427,20250503,21
0,0,0,0,0,1,1,20250427,20250504,123
0,0,0,0,0,1,1,20250501,20250511,312
0,0,0,0,0,1,1,20250503,20250504,782
0,0,0,0,0,1,1,20250503,20250510,410
0,0,0,0,0,1,1,20250503,20250511,1258
0,0,0,0,0,1,1,20250503,20250513,662
0,0,0,0,0,1,1,20250504,20250511,1182
0,0,0,0,0,1,1,20250510,20250511,979
0,0,0,0,1,0,0,20250413,20250425,412
0,0,0,0,1,0,0,20250417,20250425,360
0,0,0,0,1,0,0,20250417,20250509,661
0,0,0,0,1,0,0,20250418,20250425,1173
0,0,0,0,1,0,0,20250418,20250502,401
0,0,0,0,1,0,0,20250418,20250502,893
0,0,0,0,1,0,0,20250418,20250509,889
0,0,0,0,1,0,0,20250418,20250510,1127
0,0,0,0,1,0,0,20250419,20250502,375
0,0,0,0,1,0,0,20250425,20250502,393
0,0,0,0,1,0,0,20250425,20250502,701
0,0,0,0,1,0,0,20250425,20250509,645
0,0,0,0,1,0,0,20250425,20250509,967
0,0,0,0,1,0,0,20250430,20250513,1020
0,0,0,0,1,0,0,20250502,20250509,1038
0,0,0,0,1,0,0,20250502,20250509,449
0,0,0,0,1,0,0,20250502,20250511,238
0,0,0,0,1,0,1,20250413,20250418,206
0,0,0,0,1,0,1,20250413,20250418,284
0,0,0,0,1,0,1,20250413,20250418,600
0,0,0,0,1,0,1,20250413,20250418,62
0,0,0,0,1,0,1,20250413,20250418,72
0,0,0,0,1,0,1,20250418,20250420,173
0,0,0,0,1,0,1,20250425,20250427,641
0,0,0,0,1,0,1,20250425,20250509,713
0,0,0,0,1,0,1,20250425,20250511,1065
0,0,0,0,1,0,1,20250425,20250511,177
0,0,0,0,1,0,1,20250425,20250511,248
0,0,0,0,1,0,1,20250425,20250511,587
0,0,0,0,1,0,1,20250425,20250511,9
0,0,0,0,1,0,1,20250427,20250502,156
0,0,0,0,1,0,1,20250427,20250511,289
0,0,0,0,1,0,1,20250427,20250511,381
0,0,0,0,1,0,1,20250502,20250504,748
0,0,0,0,1,0,1,20250502,20250511,757
0,0,0,0,1,0,1,20250504,20250509,176
0,0,0,0,1,0,1,20250504,20250511,276
0,0,0,0,1,0,1,20250504,20250511,619
0,0,0,0,1,0,1,20250509,20250511,386
0,0,0,0,1,1,0,20250417,20250510,196
0,0,0,0,1,1,0,20250418,20250419,945
0,0,0,0,1,1,0,20250418,20250420,842
0,0,0,0,1,1,0,20250418,20250426,1192
0,0,0,0,1,1,0,20250418,20250510,610
0,0,0,0,1,1,0,20250419,20250426,124
0,0,0,0,1,1,0,20250419,20250427,26
0,0,0,0,1,1,0,20250425,20250426,1062
0,0,0,0,1,1,0,20250425,20250503,1254
0,0,0,0,1,1,0,20250425,20250510,42
0,0,0,0,1,1,0,20250425,20250510,96
0,0,0,0,1,1,0,20250426,20250502,887
0,0,0,0,1,1,0,20250426,20250510,971
0,0,0,0,1,1,0,20250502,20250503,598
0,0,0,0,1,1,0,20250502,20250505,505
0,0,0,0,1,1,0,20250502,20250505,956
0,0,0,0,1,1,0,20250503,20250509,228
0,0,0,0,1,1,0,20250503,20250510,700
0,0,0,0,1,1,0,20250509,20250510,1234
0,0,0,0,1,1,0,20250509,20250512,104
0,0,0,0,1,1,0,20250509,20250512,881
0,0,0,0,1,1,0,20250510,20250511,988
0,0,0,0,1,1,0,20250510,20250512,479
0,0,0,0,1,1,1,20250413,20250419,1169
0,0,0,0,1,1,1,20250413,20250419,595
0,0,0,0,1,1,1,20250413,20250419,73
0,0,0,0,1,1,1,20250413,20250420,1176
0,0,0,0,1,1,1,20250413,20250421,83
0,0,0,0,1,1,1,20250413,20250427,63
0,0,0,0,1,1,1,20250413,20250504,533
0,0,0,0,1,1,1,20250418,20250420,47
0,0,0,0,1,1,1,20250419,20250425,51
0,0,0,0,1,1,1,20250419,20250426,212
0,0,0,0,1,1,1,20250419,20250427,894
0,0,0,0,1,1,1,20250425,20250427,649
0,0,0,0,1,1,1,20250425,20250504,968
0,0,0,0,1,1,1,20250426,20250502,161
0,0,0,0,1,1,1,20250426,20250504,903
0,0,0,0,1,1,1,20250426,20250511,647
0,0,0,0,1,1,1,20250427,20250511,892
0,0,0,0,1,1,1,20250502,20250504,642
0,0,0,0,1,1,1,20250502,20250509,1147
0,0,0,0,1,1,1,20250503,20250509,909
0,0,0,0,1,1,1,20250503,20250511,122
0,0,0,0,1,1,1,20250503,20250512,756
0,0,0,0,1,1,1,20250503,20250513,1132
0,0,0,0,1,1,1,20250509,20250511,732
0,0,0,1,0,0,0,20250417,20250424,867
0,0,0,1,0,0,0,20250424,20250501,233
0,0,0,1,0,0,1,20250413,20250417,216
0,0,0,1,0,0,1,20250413,20250417,560
0,0,0,1,0,0,1,20250413,20250417,955
0,0,0,1,0,0,1,20250417,20250420,1210
0,0,0,1,0,0,1,20250427,20250501,1268
0,0,0,1,0,0,1,20250504,20250511,1212
0,0,0,1,0,0,1,20250508,20250511,1031
0,0,0,1,0,1,0,20250417,20250419,239
0,0,0,1,0,1,0,20250419,20250424,1021
0,0,0,1,0,1,0,20250424,20250426,518
0,0,0,1,0,1,0,20250426,20250501,787
0,0,0,1,0,1,0,20250501,20250503,1227
0,0,0,1,0,1,1,20250424,20250427,601
0,0,0,1,0,1,1,20250426,20250504,862
0,0,0,1,0,1,1,20250501,20250504,451
0,0,0,1,0,1,1,20250508,20250511,1241
0,0,0,1,1,0,0,20250417,20250418,771
0,0,0,1,1,0,0,20250417,20250418,851
0,0,0,1,1,0,0,20250417,20250425,419
0,0,0,1,1,0,0,20250417,20250430,86
0,0,0,1,1,0,0,20250418,20250424,873
0,0,0,1,1,0,0,20250424,20250425,629
0,0,0,1,1,0,0,20250501,20250502,136
0,0,0,1,1,0,0,20250508,20250509,1142
0,0,0,1,1,0,1,20250413,20250418,588
0,0,0,1,1,0,1,20250413,20250418,814
0,0,0,1,1,0,1,20250413,20250420,582
0,0,0,1,1,0,1,20250417,20250420,333
0,0,0,1,1,0,1,20250417,20250428,20
0,0,0,1,1,0,1,20250427,20250511,608
0,0,0,1,1,0,1,20250504,20250513,1162
0,0,0,1,1,1,0,20250417,20250419,670
0,0,0,1,1,1,0,20250417,20250510,788
0,0,0,1,1,1,0,20250501,20250503,347
0,0,0,1,1,1,0,20250501,20250503,404
0,0,0,1,1,1,0,20250502,20250513,906
0,0,0,1,1,1,0,20250503,20250512,801
0,0,0,1,1,1,0,20250508,20250510,1069
0,0,0,1,1,1,1,20250413,20250421,3
0,0,0,1,1,1,1,20250413,20250424,729
0,0,0,1,1,1,1,20250413,20250425,541
0,0,0,1,1,1,1,20250424,20250427,1223
0,0,0,1,1,1,1,20250501,20250504,579
0,0,0,1,1,1,1,20250503,20250511,675
0,0,0,1,1,1,1,20250503,20250513,431
0,0,0,1,1,1,1,20250508,20250511,836
0,0,1,0,0,0,0,20250416,20250429,205
0,0,1,0,0,0,0,20250422,20250430,1107
0,0,1,0,0,0,0,20250423,20250501,116
0,0,1,0,0,0,1,20250413,20250416,1113
0,0,1,0,0,0,1,20250416,20250420,828
0,0,1,0,0,0,1,20250426,20250511,1260
0,0,1,0,0,1,0,20250419,20250423,986
0,0,1,0,0,1,0,20250423,20250426,1237
0,0,1,0,0,1,1,20250419,20250423,1047
0,0,1,0,1,0,0,20250418,20250423,1229
0,0,1,0,1,0,0,20250419,20250427,531
0,0,1,0,1,0,0,20250423,20250425,416
0,0,1,0,1,0,0,20250425,20250430,920
0,0,1,0,1,0,0,20250430,20250502,193
0,0,1,0,1,0,0,20250430,20250502,234
0,0,1,0,1,0,0,20250430,20250502,651
0,0,1,0,1,0,0,20250502,20250507,318
0,0,1,0,1,0,1,20250425,20250430,141
0,0,1,0,1,0,1,20250427,20250502,279
0,0,1,0,1,1,0,20250425,20250430,1091
0,0,1,0,1,1,1,20250413,20250419,876
0,0,1,0,1,1,1,20250419,20250425,943
0,0,1,1,0,0,0,20250414,20250423,28
0,0,1,1,0,0,0,20250415,20250424,589
0,0,1,1,0,0,0,20250416,20250417,1016
0,0,1,1,0,0,0,20250416,20250417,249
0,0,1,1,0,0,0,20250416,20250417,417
0,0,1,1,0,0,0,20250416,20250417,652
0,0,1,1,0,0,0,20250416,20250417,657
0,0,1,1,0,0,0,20250417,20250425,1129
0,0,1,1,0,0,0,20250423,20250424,946
0,0,1,1,0,0,0,20250430,20250501,66
0,0,1,1,0,0,0,20250507,20250508,915
0,0,1,1,0,0,1,20250413,20250417,462
0,0,1,1,0,0,1,20250420,20250424,304
0,0,1,1,0,0,1,20250427,20250501,853
0,0,1,1,0,0,1,20250427,20250511,1143
0,0,1,1,0,1,0,20250416,20250419,171
0,0,1,1,0,1,0,20250419,20250424,1257
0,0,1,1,0,1,1,20250416,20250420,749
0,0,1,1,0,1,1,20250419,20250424,526
0,0,1,1,0,1,1,20250503,20250508,949
0,0,1,1,1,0,0,20250416,20250418,1096
0,0,1,1,1,0,0,20250423,20250425,636
0,0,1,1,1,0,0,20250427,20250509,202
0,0,1,1,1,0,0,20250430,20250502,1120
0,0,1,1,1,0,0,20250502,20250509,1033
0,0,1,1,1,0,0,20250507,20250509,286
0,0,1,1,1,1,0,20250430,20250503,1114
0,0,1,1,1,1,0,20250509,20250512,368
0,0,1,1,1,1,0,20250510,20250513,184
0,0,1,1,1,1,1,20250417,20250427,55
0,0,1,1,1,1,1,20250423,20250427,1043
0,0,1,1,1,1,1,20250507,20250511,1116
0,1,0,0,0,0,0,20250422,20250429,1121
0,1,0,0,0,0,1,20250413,20250415,934
0,1,0,0,0,0,1,20250422,20250427,603
0,1,0,0,0,0,1,20250506,20250511,1198
0,1,0,0,0,0,1,20250511,20250513,746
0,1,0,0,0,1,0,20250419,20250422,52
0,1,0,0,0,1,0,20250422,20250426,690
0,1,0,0,0,1,0,20250510,20250513,516
0,1,0,0,0,1,1,20250419,20250422,409
0,1,0,0,0,1,1,20250422,20250427,394
0,1,0,0,1,0,0,20250419,20250502,1086
0,1,0,0,1,0,0,20250422,20250425,1028
0,1,0,0,1,0,0,20250429,20250502,913
0,1,0,0,1,0,0,20250506,20250509,1009
0,1,0,0,1,0,1,20250413,20250418,951
0,1,0,0,1,1,0,20250505,20250513,379
0,1,0,0,1,1,1,20250422,20250427,80
0,1,0,1,0,0,0,20250414,20250425,1154
0,1,0,1,0,0,0,20250415,20250417,952
0,1,0,1,0,0,0,20250422,20250424,337
0,1,0,1,0,0,0,20250429,20250501,1018
0,1,0,1,0,0,1,20250420,20250424,181
0,1,0,1,0,0,1,20250427,20250501,74
0,1,0,1,0,0,1,20250427,20250507,330
0,1,0,1,0,0,1,20250427,20250511,450
0,1,0,1,0,1,0,20250415,20250503,506
0,1,0,1,0,1,1,20250419,20250424,364
0,1,0,1,1,0,0,20250414,20250425,1158
0,1,0,1,1,0,0,20250414,20250425,522
0,1,0,1,1,0,0,20250422,20250425,563
0,1,0,1,1,0,0,20250422,20250425,819
0,1,0,1,1,0,0,20250506,20250509,768
0,1,0,1,1,1,0,20250419,20250426,783
0,1,0,1,1,1,0,20250422,20250426,692
0,1,0,1,1,1,1,20250418,20250427,941
0,1,0,1,1,1,1,20250422,20250427,509
0,1,1,0,0,0,0,20250414,20250423,761
0,1,1,0,0,0,0,20250414,20250424,764
0,1,1,0,0,0,0,20250414,20250425,1197
0,1,1,0,0,0,0,20250415,20250416,166
0,1,1,0,0,0,0,20250415,20250425,537
0,1,1,0,0,0,0,20250416,20250429,373
0,1,1,0,0,0,0,20250417,20250513,15
0,1,1,0,0,0,0,20250417,20250513,454
0,1,1,0,0,0,0,20250422,20250423,1117
0,1,1,0,0,0,0,20250422,20250423,841
0,1,1,0,0,0,0,20250429,20250430,157
0,1,1,0,0,0,0,20250506,20250507,1252
0,1,1,0,0,0,0,20250507,20250513,477
0,1,1,0,0,0,1,20250413,20250416,387
0,1,1,0,0,0,1,20250413,20250420,305
0,1,1,0,0,0,1,20250423,20250430,142
0,1,1,0,0,0,1,20250426,20250511,1181
0,1,1,0,0,1,1,20250419,20250423,266
0,1,1,0,0,1,1,20250506,20250511,282
0,1,1,0,1,0,0,20250422,20250425,1177
0,1,1,0,1,0,0,20250425,20250513,1002
0,1,1,0,1,0,0,20250425,20250513,1073
0,1,1,0,1,0,0,20250428,20250508,472
0,1,1,0,1,0,0,20250429,20250502,1214
0,1,1,0,1,0,0,20250502,20250507,658
0,1,1,0,1,0,1,20250419,20250428,750
0,1,1,0,1,1,0,20250422,20250426,331
0,1,1,0,1,1,0,20250426,20250513,691
0,1,1,0,1,1,1,20250414,20250425,1190
0,1,1,0,1,1,1,20250422,20250427,1007
0,1,1,0,1,1,1,20250503,20250511,296
0,1,1,1,0,0,0,20250413,20250430,475
0,1,1,1,0,0,0,20250414,20250424,1008
0,1,1,1,0,0,0,20250414,20250425,37
0,1,1,1,0,0,0,20250414,20250425,802
0,1,1,1,0,0,0,20250414,20250501,517
0,1,1,1,0,0,0,20250415,20250417,153
0,1,1,1,0,0,0,20250415,20250417,363
0,1,1,1,0,0,0,20250415,20250424,805
0,1,1,1,0,0,0,20250416,20250425,313
0,1,1,1,0,0,0,20250416,20250427,697
0,1,1,1,0,0,0,20250416,20250428,339
0,1,1,1,0,0,0,20250416,20250501,1017
0,1,1,1,0,0,0,20250416,20250501,784
0,1,1,1,0,0,0,20250417,20250423,320
0,1,1,1,0,0,0,20250417,20250424,758
0,1,1,1,0,0,0,20250417,20250425,904
0,1,1,1,0,0,0,20250417,20250430,1255
0,1,1,1,0,0,0,20250417,20250430,149
0,1,1,1,0,0,0,20250417,20250501,242
0,1,1,1,0,0,0,20250417,20250502,883
0,1,1,1,0,0,0,20250417,20250513,178
0,1,1,1,0,0,0,20250417,20250513,311
0,1,1,1,0,0,0,20250417,20250513,622
0,1,1,1,0,0,0,20250417,20250513,81
0,1,1,1,0,0,0,20250422,20250424,1088
0,1,1,1,0,0,0,20250422,20250424,162
0,1,1,1,0,0,0,20250422,20250424,250
0,1,1,1,0,0,0,20250422,20250424,683
0,1,1,1,0,0,0,20250422,20250429,117
0,1,1,1,0,0,0,20250429,20250501,1178
0,1,1,1,0,0,0,20250429,20250501,618
0,1,1,1,0,0,0,20250505,20250513,727
0,1,1,1,0,0,0,20250506,20250508,203
0,1,1,1,0,0,0,20250506,20250513,273
0,1,1,1,0,0,0,20250508,20250513,674
0,1,1,1,0,0,1,20250414,20250422,2
0,1,1,1,0,1,0,20250419,20250424,1151
0,1,1,1,0,1,0,20250506,20250510,495
0,1,1,1,0,1,1,20250417,20250424,671
0,1,1,1,0,1,1,20250417,20250425,1207
0,1,1,1,0,1,1,20250419,20250424,1013
0,1,1,1,0,1,1,20250427,20250511,559
0,1,1,1,0,1,1,20250506,20250511,1170
0,1,1,1,1,0,0,20250414,20250424,423
0,1,1,1,1,0,0,20250414,20250425,1174
0,1,1,1,1,0,0,20250414,20250507,1155
0,1,1,1,1,0,0,20250415,20250425,268
0,1,1,1,1,0,0,20250415,20250502,461
0,1,1,1,1,0,0,20250415,20250506,806
0,1,1,1,1,0,0,20250416,20250424,231
0,1,1,1,1,0,0,20250416,20250428,1006
0,1,1,1,1,0,0,20250416,20250428,11
0,1,1,1,1,0,0,20250416,20250502,779
0,1,1,1,1,0,0,20250416,20250513,27
0,1,1,1,1,0,0,20250417,20250426,427
0,1,1,1,1,0,0,20250417,20250502,648
0,1,1,1,1,0,0,20250417,20250505,871
0,1,1,1,1,0,0,20250418,20250424,434
0,1,1,1,1,0,0,20250418,20250429,246
0,1,1,1,1,0,0,20250418,20250430,637
0,1,1,1,1,0,0,20250418,20250501,1139
0,1,1,1,1,0,0,20250418,20250501,659
0,1,1,1,1,0,0,20250422,20250425,1067
0,1,1,1,1,0,0,20250422,20250425,269
0,1,1,1,1,0,0,20250423,20250425,382
0,1,1,1,1,0,0,20250423,20250513,540
0,1,1,1,1,0,0,20250429,20250502,1235
0,1,1,1,1,0,0,20250429,20250513,1089
0,1,1,1,1,0,0,20250429,20250513,990
0,1,1,1,1,0,0,20250502,20250513,441
0,1,1,1,1,0,0,20250503,20250513,482
0,1,1,1,1,0,0,20250506,20250509,1152
0,1,1,1,1,0,1,20250417,20250512,823
0,1,1,1,1,0,1,20250420,20250425,1219
0,1,1,1,1,0,1,20250422,20250427,400
0,1,1,1,1,1,0,20250413,20250510,660
0,1,1,1,1,1,0,20250414,20250424,1133
0,1,1,1,1,1,0,20250415,20250425,256
0,1,1,1,1,1,0,20250419,20250501,527
0,1,1,1,1,1,0,20250422,20250426,833
0,1,1,1,1,1,0,20250503,20250510,1080
0,1,1,1,1,1,0,20250505,20250513,69
0,1,1,1,1,1,0,20250506,20250510,928
0,1,1,1,1,1,0,20250506,20250513,684
0,1,1,1,1,1,1,20250413,20250427,402
0,1,1,1,1,1,1,20250413,20250513,558
0,1,1,1,1,1,1,20250414,20250424,705
0,1,1,1,1,1,1,20250416,20250513,1001
0,1,1,1,1,1,1,20250416,20250513,1130
0,1,1,1,1,1,1,20250419,20250425,694
0,1,1,1,1,1,1,20250419,20250426,515
0,1,1,1,1,1,1,20250420,20250426,460
0,1,1,1,1,1,1,20250422,20250427,265
0,1,1,1,1,1,1,20250422,20250508,350
0,1,1,1,1,1,1,20250422,20250509,70
0,1,1,1,1,1,1,20250423,20250501,773
0,1,1,1,1,1,1,20250426,20250502,89
0,1,1,1,1,1,1,20250426,20250511,1183
0,1,1,1,1,1,1,20250506,20250511,67
0,1,1,1,1,1,1,20250507,20250513,183
1,0,0,0,0,0,0,20250413,20250422,128
1,0,0,0,0,0,0,20250414,20250512,132
1,0,0,0,0,0,0,20250418,20250427,213
1,0,0,0,0,0,0,20250418,20250501,926
1,0,0,0,0,0,0,20250428,20250511,287
1,0,0,0,0,0,0,20250428,20250511,293
1,0,0,0,0,0,0,20250428,20250512,351
1,0,0,0,0,0,0,20250428,20250512,61
1,0,0,0,0,0,0,20250502,20250513,371
1,0,0,0,0,0,0,20250502,20250513,584
1,0,0,0,0,0,0,20250502,20250513,79
1,0,0,0,0,0,0,20250503,20250513,617
1,0,0,0,0,0,0,20250505,20250512,1138
1,0,0,0,0,0,0,20250505,20250513,33
1,0,0,0,0,0,0,20250512,20250513,738
1,0,0,0,0,0,1,20250413,20250414,8
1,0,0,0,0,0,1,20250413,20250414,857
1,0,0,0,0,0,1,20250413,20250414,921
1,0,0,0,0,0,1,20250418,20250427,627
1,0,0,0,0,0,1,20250419,20250427,859
1,0,0,0,0,0,1,20250420,20250421,957
1,0,0,0,0,0,1,20250420,20250427,35
1,0,0,0,0,0,1,20250421,20250427,812
1,0,0,0,0,0,1,20250426,20250512,457
1,0,0,0,0,0,1,20250427,20250428,424
1,0,0,0,0,0,1,20250502,20250513,1019
1,0,0,0,0,0,1,20250502,20250513,960
1,0,0,0,0,0,1,20250503,20250513,1055
1,0,0,0,0,0,1,20250504,20250505,43
1,0,0,0,0,0,1,20250504,20250513,278
1,0,0,0,0,0,1,20250505,20250511,92
1,0,0,0,0,0,1,20250505,20250513,253
1,0,0,0,0,0,1,20250511,20250512,961
1,0,0,0,0,0,1,20250511,20250513,1084
1,0,0,0,0,0,1,20250511,20250513,175
1,0,0,0,0,0,1,20250511,20250513,865
1,0,0,0,0,1,0,20250418,20250501,1032
1,0,0,0,0,1,0,20250419,20250421,1076
1,0,0,0,0,1,0,20250419,20250501,1051
1,0,0,0,0,1,0,20250426,20250428,999
1,0,0,0,0,1,0,20250505,20250510,1122
1,0,0,0,0,1,0,20250505,20250512,1191
1,0,0,0,0,1,0,20250510,20250512,744
1,0,0,0,0,1,1,20250417,20250513,681
1,0,0,0,0,1,1,20250418,20250427,1217
1,0,0,0,0,1,1,20250419,20250421,1205
1,0,0,0,0,1,1,20250419,20250427,376
1,0,0,0,0,1,1,20250426,20250428,753
1,0,0,0,0,1,1,20250426,20250513,739
1,0,0,0,0,1,1,20250503,20250505,978
1,0,0,0,1,0,0,20250414,20250418,277
1,0,0,0,1,0,0,20250414,20250418,405
1,0,0,0,1,0,0,20250417,20250425,954
1,0,0,0,1,0,0,20250418,20250421,101
1,0,0,0,1,0,0,20250421,20250425,481
1,0,0,0,1,0,0,20250425,20250428,396
1,0,0,0,1,0,0,20250502,20250505,476
1,0,0,0,1,0,0,20250505,20250512,874
1,0,0,0,1,0,0,20250505,20250513,735
1,0,0,0,1,0,0,20250509,20250512,148
1,0,0,0,1,0,1,20250414,20250421,133
1,0,0,0,1,0,1,20250418,20250421,1077
1,0,0,0,1,0,1,20250418,20250427,888
1,0,0,0,1,0,1,20250419,20250427,830
1,0,0,0,1,0,1,20250420,20250425,125
1,0,0,0,1,0,1,20250425,20250428,254
1,0,0,0,1,0,1,20250509,20250512,1218
1,0,0,0,1,1,0,20250414,20250419,716
1,0,0,0,1,1,0,20250418,20250421,210
1,0,0,0,1,1,0,20250425,20250428,340
1,0,0,0,1,1,0,20250509,20250512,111
1,0,0,0,1,1,1,20250417,20250425,209
1,0,0,0,1,1,1,20250418,20250421,604
1,0,0,0,1,1,1,20250418,20250425,798
1,0,0,0,1,1,1,20250421,20250427,777
1,0,0,0,1,1,1,20250425,20250428,1057
1,0,0,0,1,1,1,20250425,20250502,927
1,0,0,0,1,1,1,20250509,20250512,866
1,0,0,1,0,0,0,20250414,20250417,1093
1,0,0,1,0,0,0,20250417,20250421,1159
1,0,0,1,0,0,0,20250421,20250424,1168
1,0,0,1,0,0,0,20250428,20250507,355
1,0,0,1,0,0,0,20250501,20250505,524
1,0,0,1,0,0,0,20250505,20250513,726
1,0,0,1,0,0,1,20250413,20250427,24
1,0,0,1,0,0,1,20250504,20250511,561
1,0,0,1,0,1,1,20250427,20250512,1271
1,0,0,1,1,0,0,20250413,20250425,34
1,0,0,1,1,0,0,20250418,20250424,207
1,0,0,1,1,0,0,20250424,20250428,1106
1,0,0,1,1,0,0,20250428,20250502,1244
1,0,0,1,1,0,0,20250505,20250513,672
1,0,0,1,1,0,1,20250413,20250418,564
1,0,0,1,1,0,1,20250421,20250501,1253
1,0,0,1,1,0,1,20250427,20250502,421
1,0,0,1,1,1,1,20250417,20250421,483
1,0,0,1,1,1,1,20250504,20250510,473
1,0,1,0,0,0,0,20250414,20250416,480
1,0,1,0,0,0,0,20250414,20250416,910
1,0,1,0,0,0,0,20250421,20250423,138
1,0,1,0,0,0,0,20250428,20250430,442
1,0,1,0,0,0,0,20250504,20250512,1256
1,0,1,0,0,0,0,20250505,20250507,425
1,0,1,0,0,0,0,20250507,20250512,1068
1,0,1,0,0,0,1,20250413,20250416,751
1,0,1,0,0,0,1,20250427,20250512,307
1,0,1,0,1,0,0,20250428,20250505,1003
1,0,1,0,1,0,1,20250414,20250427,719
1,0,1,0,1,1,1,20250413,20250427,834
1,0,1,1,0,0,0,20250414,20250417,877
1,0,1,1,0,0,0,20250421,20250424,298
1,0,1,1,0,0,0,20250428,20250501,772
1,0,1,1,0,0,0,20250507,20250512,1115
1,0,1,1,0,0,1,20250413,20250417,341
1,0,1,1,0,0,1,20250413,20250417,745
1,0,1,1,0,0,1,20250413,20250417,85
1,0,1,1,0,0,1,20250414,20250420,789
1,0,1,1,0,1,1,20250426,20250501,717
1,0,1,1,1,0,0,20250421,20250425,139
1,0,1,1,1,0,0,20250423,20250428,267
1,0,1,1,1,0,0,20250505,20250509,532
1,0,1,1,1,0,0,20250505,20250513,643
1,0,1,1,1,0,0,20250505,20250513,93
1,0,1,1,1,0,1,20250413,20250423,200
1,0,1,1,1,0,1,20250419,20250427,100
1,0,1,1,1,1,0,20250418,20250425,165
1,0,1,1,1,1,1,20250413,20250425,493
1,0,1,1,1,1,1,20250417,20250501,390
1,0,1,1,1,1,1,20250418,20250430,326
1,0,1,1,1,1,1,20250423,20250428,890
1,0,1,1,1,1,1,20250505,20250511,908
1,0,1,1,1,1,1,20250505,20250513,799
1,0,1,1,1,1,1,20250507,20250512,222
1,1,0,0,0,0,0,20250413,20250421,1087
1,1,0,0,0,0,0,20250413,20250423,638
1,1,0,0,0,0,0,20250414,20250415,855
1,1,0,0,0,0,0,20250421,20250422,1274
1,1,0,0,0,0,0,20250422,20250428,590
1,1,0,0,0,0,0,20250428,20250429,808
1,1,0,0,0,0,0,20250428,20250506,211
1,1,0,0,0,0,0,20250428,20250513,594
1,1,0,0,0,0,0,20250428,20250513,7
1,1,0,0,0,0,0,20250428,20250513,821
1,1,0,0,0,0,0,20250428,20250513,930
1,1,0,0,0,0,0,20250505,20250506,1125
1,1,0,0,0,0,0,20250512,20250513,121
1,1,0,0,0,0,0,20250512,20250513,940
1,1,0,0,0,0,1,20250413,20250415,868
1,1,0,0,0,0,1,20250413,20250415,994
1,1,0,0,0,0,1,20250413,20250420,1206
1,1,0,0,0,0,1,20250414,20250421,1044
1,1,0,0,0,0,1,20250420,20250422,179
1,1,0,0,0,0,1,20250511,20250513,1074
1,1,0,0,0,0,1,20250511,20250513,223
1,1,0,0,0,0,1,20250511,20250513,631
1,1,0,0,0,1,0,20250422,20250428,542
1,1,0,0,0,1,0,20250426,20250513,18
1,1,0,0,0,1,0,20250510,20250513,302
1,1,0,0,0,1,1,20250414,20250512,725
1,1,0,0,0,1,1,20250419,20250422,151
1,1,0,0,0,1,1,20250426,20250429,112
1,1,0,0,0,1,1,20250426,20250513,650
1,1,0,0,0,1,1,20250510,20250513,109
1,1,0,0,1,0,0,20250418,20250422,1224
1,1,0,0,1,0,0,20250421,20250425,346
1,1,0,0,1,0,0,20250425,20250429,996
1,1,0,0,1,0,0,20250428,20250502,702
1,1,0,0,1,0,0,20250428,20250513,1103
1,1,0,0,1,0,0,20250509,20250513,397
1,1,0,0,1,0,1,20250420,20250427,514
1,1,0,0,1,1,0,20250421,20250427,257
1,1,0,0,1,1,0,20250426,20250513,570
1,1,0,0,1,1,1,20250414,20250428,1200
1,1,0,0,1,1,1,20250418,20250422,884
1,1,0,0,1,1,1,20250420,20250427,91
1,1,0,0,1,1,1,20250426,20250512,459
1,1,0,0,1,1,1,20250426,20250513,543
1,1,0,0,1,1,1,20250509,20250513,107
1,1,0,1,0,0,0,20250414,20250417,1053
1,1,0,1,0,0,0,20250414,20250501,577
1,1,0,1,0,0,0,20250421,20250424,528
1,1,0,1,0,0,0,20250422,20250428,471
1,1,0,1,0,0,0,20250422,20250429,886
1,1,0,1,0,0,0,20250422,20250501,214
1,1,0,1,0,0,0,20250423,20250501,556
1,1,0,1,0,0,0,20250428,20250501,935
1,1,0,1,0,0,0,20250428,20250513,1101
1,1,0,1,0,0,0,20250429,20250508,220
1,1,0,1,0,0,0,20250508,20250513,398
1,1,0,1,0,0,1,20250413,20250417,243
1,1,0,1,0,0,1,20250413,20250417,511
1,1,0,1,0,0,1,20250427,20250505,809
1,1,0,1,0,0,1,20250504,20250508,762
1,1,0,1,1,0,0,20250413,20250425,383
1,1,0,1,1,0,0,20250422,20250430,280
1,1,0,1,1,0,0,20250425,20250501,958
1,1,0,1,1,0,0,20250428,20250502,878
1,1,0,1,1,0,0,20250502,20250513,1010
1,1,0,1,1,0,1,20250413,20250513,226
1,1,0,1,1,0,1,20250417,20250422,847
1,1,0,1,1,1,0,20250419,20250425,796
1,1,0,1,1,1,1,20250414,20250424,1111
1,1,0,1,1,1,1,20250419,20250427,500
1,1,0,1,1,1,1,20250424,20250429,936
1,1,0,1,1,1,1,20250426,20250513,818
1,1,0,1,1,1,1,20250506,20250513,1249
1,1,0,1,1,1,1,20250508,20250513,310
1,1,1,0,0,0,0,20250414,20250416,1023
1,1,1,0,0,0,0,20250414,20250416,1202
1,1,1,0,0,0,0,20250414,20250416,172
1,1,1,0,0,0,0,20250414,20250416,358
1,1,1,0,0,0,0,20250414,20250416,630
1,1,1,0,0,0,0,20250414,20250416,741
1,1,1,0,0,0,0,20250414,20250416,763
1,1,1,0,0,0,0,20250414,20250416,94
1,1,1,0,0,0,0,20250414,20250513,1153
1,1,1,0,0,0,0,20250415,20250513,182
1,1,1,0,0,0,0,20250416,20250513,572
1,1,1,0,0,0,0,20250421,20250423,837
1,1,1,0,0,0,0,20250422,20250428,325
1,1,1,0,0,0,0,20250422,20250430,1090
1,1,1,0,0,0,0,20250428,20250430,606
1,1,1,0,0,0,0,20250428,20250508,1184
1,1,1,0,0,0,0,20250428,20250512,1081
1,1,1,0,0,0,0,20250428,20250513,1248
1,1,1,0,0,0,0,20250428,20250513,752
1,1,1,0,0,0,0,20250428,20250513,755
1,1,1,0,0,0,0,20250428,20250513,969
1,1,1,0,0,0,0,20250505,20250507,1072
1,1,1,0,0,0,0,20250505,20250513,959
1,1,1,0,0,0,0,20250507,20250513,668
1,1,1,0,0,0,1,20250413,20250416,737
1,1,1,0,0,0,1,20250413,20250416,897
1,1,1,0,0,0,1,20250413,20250420,359
1,1,1,0,0,0,1,20250413,20250423,16
1,1,1,0,0,0,1,20250413,20250425,440
1,1,1,0,0,0,1,20250413,20250513,258
1,1,1,0,0,0,1,20250414,20250420,189
1,1,1,0,0,0,1,20250414,20250423,428
1,1,1,0,0,0,1,20250414,20250424,937
1,1,1,0,0,0,1,20250415,20250511,334
1,1,1,0,0,0,1,20250426,20250512,380
1,1,1,0,0,0,1,20250428,20250508,1148
1,1,1,0,0,0,1,20250428,20250513,1075
1,1,1,0,0,0,1,20250502,20250513,1272
1,1,1,0,0,0,1,20250502,20250513,290
1,1,1,0,0,0,1,20250502,20250513,695
1,1,1,0,0,1,0,20250426,20250430,1156
1,1,1,0,0,1,0,20250426,20250513,554
1,1,1,0,0,1,1,20250413,20250420,97
1,1,1,0,0,1,1,20250415,20250511,38
1,1,1,0,0,1,1,20250423,20250505,219
1,1,1,0,0,1,1,20250426,20250511,418
1,1,1,0,0,1,1,20250426,20250511,858
1,1,1,0,0,1,1,20250426,20250513,1273
1,1,1,0,0,1,1,20250503,20250507,832
1,1,1,0,1,0,0,20250414,20250513,781
1,1,1,0,1,0,0,20250421,20250425,429
1,1,1,0,1,0,0,20250422,20250430,549
1,1,1,0,1,0,0,20250422,20250502,31
1,1,1,0,1,0,0,20250425,20250511,685
1,1,1,0,1,0,0,20250425,20250511,88
1,1,1,0,1,0,0,20250428,20250502,785
1,1,1,0,1,0,0,20250428,20250505,1246
1,1,1,0,1,0,0,20250428,20250508,1163
1,1,1,0,1,0,0,20250428,20250513,512
1,1,1,0,1,0,0,20250428,20250513,585
1,1,1,0,1,0,0,20250428,20250513,891
1,1,1,0,1,0,0,20250429,20250505,765
1,1,1,0,1,0,0,20250429,20250513,1058
1,1,1,0,1,0,0,20250430,20250502,260
1,1,1,0,1,0,0,20250430,20250513,160
1,1,1,0,1,0,0,20250502,20250513,321
1,1,1,0,1,0,0,20250505,20250513,1039
1,1,1,0,1,0,1,20250413,20250502,241
1,1,1,0,1,0,1,20250414,20250427,488
1,1,1,0,1,0,1,20250427,20250513,623
1,1,1,0,1,1,0,20250414,20250513,970
1,1,1,0,1,1,0,20250426,20250505,1108
1,1,1,0,1,1,0,20250426,20250513,1097
1,1,1,0,1,1,0,20250426,20250513,843
1,1,1,0,1,1,0,20250428,20250503,485
1,1,1,0,1,1,0,20250428,20250513,453
1,1,1,0,1,1,1,20250413,20250420,963
1,1,1,0,1,1,1,20250414,20250423,57
1,1,1,0,1,1,1,20250414,20250427,1215
1,1,1,0,1,1,1,20250416,20250513,1035
1,1,1,0,1,1,1,20250418,20250423,707
1,1,1,0,1,1,1,20250419,20250425,696
1,1,1,0,1,1,1,20250422,20250429,706
1,1,1,0,1,1,1,20250422,20250504,510
1,1,1,0,1,1,1,20250425,20250510,710
1,1,1,0,1,1,1,20250426,20250503,607
1,1,1,0,1,1,1,20250426,20250505,1165
1,1,1,0,1,1,1,20250426,20250505,374
1,1,1,0,1,1,1,20250426,20250511,1029
1,1,1,0,1,1,1,20250426,20250513,555
1,1,1,0,1,1,1,20250426,20250513,703
1,1,1,0,1,1,1,20250430,20250513,591
1,1,1,0,1,1,1,20250502,20250513,1126
1,1,1,0,1,1,1,20250502,20250513,596
1,1,1,0,1,1,1,20250502,20250513,995
1,1,1,0,1,1,1,20250503,20250511,850
1,1,1,0,1,1,1,20250503,20250513,1012
1,1,1,0,1,1,1,20250505,20250511,103
1,1,1,1,0,0,0,20250413,20250421,1269
1,1,1,1,0,0,0,20250413,20250510,614
1,1,1,1,0,0,0,20250413,20250511,114
1,1,1,1,0,0,0,20250414,20250417,1063
1,1,1,1,0,0,0,20250414,20250417,1203
1,1,1,1,0,0,0,20250414,20250417,1250
1,1,1,1,0,0,0,20250414,20250417,129
1,1,1,1,0,0,0,20250414,20250417,150
1,1,1,1,0,0,0,20250414,20250417,519
1,1,1,1,0,0,0,20250414,20250417,578
1,1,1,1,0,0,0,20250414,20250417,602
1,1,1,1,0,0,0,20250414,20250417,976
1,1,1,1,0,0,0,20250414,20250424,680
1,1,1,1,0,0,0,20250414,20250428,1082
1,1,1,1,0,0,0,20250414,20250428,36
1,1,1,1,0,0,0,20250414,20250428,520
1,1,1,1,0,0,0,20250414,20250501,835
1,1,1,1,0,0,0,20250414,20250513,1066
1,1,1,1,0,0,0,20250414,20250513,300
1,1,1,1,0,0,0,20250414,20250513,322
1,1,1,1,0,0,0,20250414,20250513,349
1,1,1,1,0,0,0,20250414,20250513,389
1,1,1,1,0,0,0,20250414,20250513,446
1,1,1,1,0,0,0,20250414,20250513,666
1,1,1,1,0,0,0,20250414,20250513,720
1,1,1,1,0,0,0,20250414,20250513,822
1,1,1,1,0,0,0,20250414,20250513,950
1,1,1,1,0,0,0,20250416,20250507,939
1,1,1,1,0,0,0,20250416,20250513,689
1,1,1,1,0,0,0,20250417,20250423,682
1,1,1,1,0,0,0,20250417,20250505,262
1,1,1,1,0,0,0,20250417,20250508,53
1,1,1,1,0,0,0,20250417,20250513,747
1,1,1,1,0,0,0,20250418,20250510,1264
1,1,1,1,0,0,0,20250421,20250424,1102
1,1,1,1,0,0,0,20250422,20250428,464
1,1,1,1,0,0,0,20250422,20250501,354
1,1,1,1,0,0,0,20250422,20250513,190
1,1,1,1,0,0,0,20250428,20250501,448
1,1,1,1,0,0,0,20250428,20250512,60
1,1,1,1,0,0,0,20250428,20250512,736
1,1,1,1,0,0,0,20250428,20250513,384
1,1,1,1,0,0,0,20250428,20250513,917
1,1,1,1,0,0,0,20250505,20250508,1141
1,1,1,1,0,0,0,20250505,20250508,792
1,1,1,1,0,0,0,20250505,20250512,544
1,1,1,1,0,0,0,20250505,20250513,137
1,1,1,1,0,0,0,20250505,20250513,932
1,1,1,1,0,0,1,20250413,20250417,1098
1,1,1,1,0,0,1,20250413,20250417,1123
1,1,1,1,0,0,1,20250413,20250417,120
1,1,1,1,0,0,1,20250413,20250417,530
1,1,1,1,0,0,1,20250413,20250417,621
1,1,1,1,0,0,1,20250413,20250511,1216
1,1,1,1,0,0,1,20250413,20250513,982
1,1,1,1,0,0,1,20250414,20250424,1026
1,1,1,1,0,0,1,20250416,20250513,557
1,1,1,1,0,0,1,20250416,20250513,831
1,1,1,1,0,0,1,20250419,20250429,435
1,1,1,1,0,0,1,20250420,20250424,215
1,1,1,1,0,0,1,20250420,20250424,342
1,1,1,1,0,0,1,20250420,20250501,944
1,1,1,1,0,0,1,20250421,20250427,25
1,1,1,1,0,0,1,20250422,20250513,824
1,1,1,1,0,0,1,20250502,20250513,965
1,1,1,1,0,0,1,20250504,20250513,413
1,1,1,1,0,0,1,20250504,20250513,966
1,1,1,1,0,0,1,20250507,20250513,65
1,1,1,1,0,0,1,20250511,20250513,669
1,1,1,1,0,1,0,20250414,20250419,194
1,1,1,1,0,1,0,20250419,20250424,1145
1,1,1,1,0,1,0,20250505,20250513,71
1,1,1,1,0,1,1,20250413,20250420,415
1,1,1,1,0,1,1,20250413,20250513,1014
1,1,1,1,0,1,1,20250413,20250513,907
1,1,1,1,0,1,1,20250414,20250420,240
1,1,1,1,0,1,1,20250416,20250513,581
1,1,1,1,0,1,1,20250417,20250513,127
1,1,1,1,0,1,1,20250419,20250424,774
1,1,1,1,0,1,1,20250419,20250427,975
1,1,1,1,0,1,1,20250422,20250511,217
1,1,1,1,0,1,1,20250422,20250513,87
1,1,1,1,0,1,1,20250427,20250513,879
1,1,1,1,0,1,1,20250504,20250513,1048
1,1,1,1,0,1,1,20250510,20250511,110
1,1,1,1,1,0,0,20250413,20250510,271
1,1,1,1,1,0,0,20250414,20250418,14
1,1,1,1,1,0,0,20250414,20250425,487
1,1,1,1,1,0,0,20250414,20250428,297
1,1,1,1,1,0,0,20250414,20250428,315
1,1,1,1,1,0,0,20250414,20250502,1059
1,1,1,1,1,0,0,20250414,20250502,1230
1,1,1,1,1,0,0,20250414,20250502,319
1,1,1,1,1,0,0,20250414,20250502,411
1,1,1,1,1,0,0,20250414,20250502,420
1,1,1,1,1,0,0,20250414,20250502,709
1,1,1,1,1,0,0,20250414,20250509,317
1,1,1,1,1,0,0,20250414,20250511,281
1,1,1,1,1,0,0,20250414,20250513,1045
1,1,1,1,1,0,0,20250414,20250513,1071
1,1,1,1,1,0,0,20250414,20250513,1109
1,1,1,1,1,0,0,20250414,20250513,1171
1,1,1,1,1,0,0,20250414,20250513,1222
1,1,1,1,1,0,0,20250414,20250513,167
1,1,1,1,1,0,0,20250414,20250513,185
1,1,1,1,1,0,0,20250414,20250513,251
1,1,1,1,1,0,0,20250414,20250513,308
1,1,1,1,1,0,0,20250414,20250513,406
1,1,1,1,1,0,0,20250414,20250513,838
1,1,1,1,1,0,0,20250414,20250513,844
1,1,1,1,1,0,0,20250414,20250513,861
1,1,1,1,1,0,0,20250414,20250513,983
1,1,1,1,1,0,0,20250415,20250505,1195
1,1,1,1,1,0,0,20250415,20250507,102
1,1,1,1,1,0,0,20250415,20250513,261
1,1,1,1,1,0,0,20250415,20250513,467
1,1,1,1,1,0,0,20250415,20250513,644
1,1,1,1,1,0,0,20250416,20250509,569
1,1,1,1,1,0,0,20250416,20250510,1136
1,1,1,1,1,0,0,20250416,20250513,294
1,1,1,1,1,0,0,20250416,20250513,984
1,1,1,1,1,0,0,20250417,20250505,1270
1,1,1,1,1,0,0,20250417,20250505,538
1,1,1,1,1,0,0,20250417,20250507,609
1,1,1,1,1,0,0,20250417,20250509,870
1,1,1,1,1,0,0,20250417,20250513,1034
1,1,1,1,1,0,0,20250417,20250513,391
1,1,1,1,1,0,0,20250417,20250513,58
1,1,1,1,1,0,0,20250417,20250513,656
1,1,1,1,1,0,0,20250417,20250513,77
1,1,1,1,1,0,0,20250418,20250501,635
1,1,1,1,1,0,0,20250421,20250425,403
1,1,1,1,1,0,0,20250421,20250501,40
1,1,1,1,1,0,0,20250422,20250428,676
1,1,1,1,1,0,0,20250422,20250429,68
1,1,1,1,1,0,0,20250422,20250430,625
1,1,1,1,1,0,0,20250422,20250501,76
1,1,1,1,1,0,0,20250422,20250508,611
1,1,1,1,1,0,0,20250422,20250509,492
1,1,1,1,1,0,0,20250422,20250513,12
1,1,1,1,1,0,0,20250423,20250429,1134
1,1,1,1,1,0,0,20250423,20250430,922
1,1,1,1,1,0,0,20250425,20250513,1099
1,1,1,1,1,0,0,20250428,20250502,1024
1,1,1,1,1,0,0,20250428,20250504,208
1,1,1,1,1,0,0,20250428,20250505,168
1,1,1,1,1,0,0,20250428,20250507,437
1,1,1,1,1,0,0,20250428,20250509,592
1,1,1,1,1,0,0,20250428,20250513,1052
1,1,1,1,1,0,0,20250428,20250513,118
1,1,1,1,1,0,0,20250428,20250513,1240
1,1,1,1,1,0,0,20250428,20250513,1242
1,1,1,1,1,0,0,20250428,20250513,356
1,1,1,1,1,0,0,20250429,20250512,283
1,1,1,1,1,0,0,20250429,20250513,180
1,1,1,1,1,0,0,20250430,20250513,885
1,1,1,1,1,0,0,20250430,20250513,985
1,1,1,1,1,0,0,20250502,20250509,1137
1,1,1,1,1,0,0,20250502,20250511,6
1,1,1,1,1,0,0,20250502,20250512,863
1,1,1,1,1,0,0,20250502,20250513,1220
1,1,1,1,1,0,0,20250502,20250513,4
1,1,1,1,1,0,0,20250502,20250513,456
1,1,1,1,1,0,0,20250503,20250513,343
1,1,1,1,1,0,0,20250505,20250509,639
1,1,1,1,1,0,0,20250505,20250512,811
1,1,1,1,1,0,0,20250505,20250513,264
1,1,1,1,1,0,0,20250505,20250513,794
1,1,1,1,1,0,0,20250506,20250513,1049
1,1,1,1,1,0,0,20250507,20250513,723
1,1,1,1,1,0,0,20250507,20250513,918
1,1,1,1,1,0,0,20250508,20250509,164
1,1,1,1,1,0,0,20250508,20250513,901
1,1,1,1,1,0,1,20250413,20250418,130
1,1,1,1,1,0,1,20250413,20250418,973
1,1,1,1,1,0,1,20250413,20250424,13
1,1,1,1,1,0,1,20250413,20250425,32
1,1,1,1,1,0,1,20250413,20250427,624
1,1,1,1,1,0,1,20250413,20250502,1124
1,1,1,1,1,0,1,20250413,20250502,314
1,1,1,1,1,0,1,20250413,20250513,1037
1,1,1,1,1,0,1,20250413,20250513,135
1,1,1,1,1,0,1,20250413,20250513,252
1,1,1,1,1,0,1,20250413,20250513,654
1,1,1,1,1,0,1,20250413,20250513,714
1,1,1,1,1,0,1,20250413,20250513,804
1,1,1,1,1,0,1,20250413,20250513,864
1,1,1,1,1,0,1,20250413,20250513,900
1,1,1,1,1,0,1,20250413,20250513,947
1,1,1,1,1,0,1,20250414,20250428,845
1,1,1,1,1,0,1,20250415,20250513,715
1,1,1,1,1,0,1,20250415,20250513,829
1,1,1,1,1,0,1,20250416,20250424,1193
1,1,1,1,1,0,1,20250417,20250427,430
1,1,1,1,1,0,1,20250417,20250513,385
1,1,1,1,1,0,1,20250420,20250425,721
1,1,1,1,1,0,1,20250422,20250502,1149
1,1,1,1,1,0,1,20250422,20250509,942
1,1,1,1,1,0,1,20250422,20250512,987
1,1,1,1,1,0,1,20250422,20250513,134
1,1,1,1,1,0,1,20250422,20250513,306
1,1,1,1,1,0,1,20250422,20250513,698
1,1,1,1,1,0,1,20250425,20250513,513
1,1,1,1,1,0,1,20250426,20250502,605
1,1,1,1,1,0,1,20250427,20250502,545
1,1,1,1,1,0,1,20250427,20250509,395
1,1,1,1,1,0,1,20250427,20250513,1243
1,1,1,1,1,0,1,20250428,20250508,776
1,1,1,1,1,0,1,20250428,20250513,392
1,1,1,1,1,0,1,20250428,20250513,552
1,1,1,1,1,0,1,20250429,20250513,224
1,1,1,1,1,0,1,20250502,20250513,583
1,1,1,1,1,0,1,20250503,20250513,992
1,1,1,1,1,0,1,20250504,20250512,105
1,1,1,1,1,0,1,20250504,20250513,546
1,1,1,1,1,0,1,20250504,20250513,974
1,1,1,1,1,0,1,20250505,20250513,237
1,1,1,1,1,1,0,20250414,20250420,1030
1,1,1,1,1,1,0,20250414,20250420,188
1,1,1,1,1,1,0,20250414,20250502,309
1,1,1,1,1,1,0,20250414,20250509,335
1,1,1,1,1,1,0,20250414,20250511,455
1,1,1,1,1,1,0,20250414,20250513,1040
1,1,1,1,1,1,0,20250414,20250513,1204
1,1,1,1,1,1,0,20250414,20250513,201
1,1,1,1,1,1,0,20250414,20250513,232
1,1,1,1,1,1,0,20250414,20250513,433
1,1,1,1,1,1,0,20250414,20250513,612
1,1,1,1,1,1,0,20250414,20250513,718
1,1,1,1,1,1,0,20250415,20250510,586
1,1,1,1,1,1,0,20250415,20250513,525
1,1,1,1,1,1,0,20250416,20250513,1188
1,1,1,1,1,1,0,20250416,20250513,708
1,1,1,1,1,1,0,20250417,20250425,628
1,1,1,1,1,1,0,20250417,20250427,615
1,1,1,1,1,1,0,20250417,20250513,521
1,1,1,1,1,1,0,20250418,20250424,550
1,1,1,1,1,1,0,20250422,20250509,1245
1,1,1,1,1,1,0,20250422,20250513,357
1,1,1,1,1,1,0,20250422,20250513,938
1,1,1,1,1,1,0,20250423,20250501,760
1,1,1,1,1,1,0,20250424,20250510,534
1,1,1,1,1,1,0,20250426,20250509,1164
1,1,1,1,1,1,0,20250426,20250510,854
1,1,1,1,1,1,0,20250426,20250513,186
1,1,1,1,1,1,0,20250426,20250513,197
1,1,1,1,1,1,0,20250428,20250503,54
1,1,1,1,1,1,0,20250428,20250504,145
1,1,1,1,1,1,0,20250428,20250513,144
1,1,1,1,1,1,0,20250428,20250513,369
1,1,1,1,1,1,0,20250428,20250513,933
1,1,1,1,1,1,0,20250430,20250513,169
1,1,1,1,1,1,0,20250501,20250505,827
1,1,1,1,1,1,0,20250502,20250512,535
1,1,1,1,1,1,0,20250502,20250513,244
1,1,1,1,1,1,0,20250502,20250513,562
1,1,1,1,1,1,0,20250503,20250513,377
1,1,1,1,1,1,0,20250505,20250510,1078
1,1,1,1,1,1,0,20250505,20250513,1196
1,1,1,1,1,1,0,20250505,20250513,154
1,1,1,1,1,1,0,20250505,20250513,465
1,1,1,1,1,1,0,20250505,20250513,810
1,1,1,1,1,1,0,20250506,20250513,245
1,1,1,1,1,1,0,20250507,20250513,372
1,1,1,1,1,1,0,20250508,20250513,486
1,1,1,1,1,1,1,20250413,20250419,22
1,1,1,1,1,1,1,20250413,20250419,895
1,1,1,1,1,1,1,20250413,20250421,565
1,1,1,1,1,1,1,20250413,20250423,332
1,1,1,1,1,1,1,20250413,20250424,923
1,1,1,1,1,1,1,20250413,20250425,575
1,1,1,1,1,1,1,20250413,20250427,275
1,1,1,1,1,1,1,20250413,20250502,616
1,1,1,1,1,1,1,20250413,20250502,898
1,1,1,1,1,1,1,20250413,20250508,1011
1,1,1,1,1,1,1,20250413,20250508,547
1,1,1,1,1,1,1,20250413,20250510,948
1,1,1,1,1,1,1,20250413,20250511,422
1,1,1,1,1,1,1,20250413,20250511,64
1,1,1,1,1,1,1,20250413,20250511,778
1,1,1,1,1,1,1,20250413,20250511,817
1,1,1,1,1,1,1,20250413,20250511,860
1,1,1,1,1,1,1,20250413,20250512,539
1,1,1,1,1,1,1,20250413,20250513,1
1,1,1,1,1,1,1,20250413,20250513,1060
1,1,1,1,1,1,1,20250413,20250513,1094
1,1,1,1,1,1,1,20250413,20250513,1186
1,1,1,1,1,1,1,20250413,20250513,1261
1,1,1,1,1,1,1,20250413,20250513,407
1,1,1,1,1,1,1,20250413,20250513,474
1,1,1,1,1,1,1,20250413,20250513,48
1,1,1,1,1,1,1,20250413,20250513,498
1,1,1,1,1,1,1,20250413,20250513,597
1,1,1,1,1,1,1,20250413,20250513,653
1,1,1,1,1,1,1,20250413,20250513,686
1,1,1,1,1,1,1,20250413,20250513,722
1,1,1,1,1,1,1,20250413,20250513,882
1,1,1,1,1,1,1,20250413,20250513,980
1,1,1,1,1,1,1,20250413,20250513,989
1,1,1,1,1,1,1,20250414,20250423,408
1,1,1,1,1,1,1,20250414,20250424,880
1,1,1,1,1,1,1,20250414,20250425,19
1,1,1,1,1,1,1,20250414,20250428,1213
1,1,1,1,1,1,1,20250414,20250501,1105
1,1,1,1,1,1,1,20250414,20250502,1231
1,1,1,1,1,1,1,20250414,20250502,163
1,1,1,1,1,1,1,20250414,20250502,494
1,1,1,1,1,1,1,20250414,20250502,496
1,1,1,1,1,1,1,20250414,20250502,790
1,1,1,1,1,1,1,20250414,20250505,155
1,1,1,1,1,1,1,20250414,20250508,566
1,1,1,1,1,1,1,20250414,20250509,1179
1,1,1,1,1,1,1,20250414,20250512,195
1,1,1,1,1,1,1,20250414,20250512,39
1,1,1,1,1,1,1,20250414,20250513,1015
1,1,1,1,1,1,1,20250414,20250513,740
1,1,1,1,1,1,1,20250414,20250513,997
1,1,1,1,1,1,1,20250415,20250424,327
1,1,1,1,1,1,1,20250415,20250428,503
1,1,1,1,1,1,1,20250415,20250505,1150
1,1,1,1,1,1,1,20250415,20250506,444
1,1,1,1,1,1,1,20250415,20250507,1180
1,1,1,1,1,1,1,20250415,20250507,316
1,1,1,1,1,1,1,20250415,20250507,688
1,1,1,1,1,1,1,20250415,20250511,1100
1,1,1,1,1,1,1,20250415,20250511,44
1,1,1,1,1,1,1,20250415,20250513,303
1,1,1,1,1,1,1,20250415,20250513,632
1,1,1,1,1,1,1,20250415,20250513,962
1,1,1,1,1,1,1,20250416,20250424,548
1,1,1,1,1,1,1,20250416,20250502,361
1,1,1,1,1,1,1,20250416,20250509,1239
1,1,1,1,1,1,1,20250416,20250510,840
1,1,1,1,1,1,1,20250416,20250513,1118
1,1,1,1,1,1,1,20250416,20250513,147
1,1,1,1,1,1,1,20250416,20250513,174
1,1,1,1,1,1,1,20250416,20250513,712
1,1,1,1,1,1,1,20250416,20250513,813
1,1,1,1,1,1,1,20250416,20250513,852
1,1,1,1,1,1,1,20250417,20250423,825
1,1,1,1,1,1,1,20250417,20250424,667
1,1,1,1,1,1,1,20250417,20250425,1160
1,1,1,1,1,1,1,20250417,20250427,119
1,1,1,1,1,1,1,20250417,20250427,447
1,1,1,1,1,1,1,20250417,20250509,370
1,1,1,1,1,1,1,20250417,20250509,501
1,1,1,1,1,1,1,20250417,20250513,1070
1,1,1,1,1,1,1,20250417,20250513,1161
1,1,1,1,1,1,1,20250417,20250513,1236
1,1,1,1,1,1,1,20250417,20250513,365
1,1,1,1,1,1,1,20250417,20250513,414
1,1,1,1,1,1,1,20250417,20250513,742
1,1,1,1,1,1,1,20250417,20250513,820
1,1,1,1,1,1,1,20250417,20250513,846
1,1,1,1,1,1,1,20250417,20250513,953
1,1,1,1,1,1,1,20250417,20250513,98
1,1,1,1,1,1,1,20250418,20250424,75
1,1,1,1,1,1,1,20250418,20250425,759
1,1,1,1,1,1,1,20250418,20250501,140
1,1,1,1,1,1,1,20250418,20250513,620
1,1,1,1,1,1,1,20250419,20250425,1112
1,1,1,1,1,1,1,20250419,20250426,198
1,1,1,1,1,1,1,20250419,20250427,108
1,1,1,1,1,1,1,20250419,20250513,869
1,1,1,1,1,1,1,20250419,20250513,902
1,1,1,1,1,1,1,20250420,20250426,1110
1,1,1,1,1,1,1,20250421,20250509,292
1,1,1,1,1,1,1,20250422,20250429,324
1,1,1,1,1,1,1,20250422,20250501,640
1,1,1,1,1,1,1,20250422,20250509,1166
1,1,1,1,1,1,1,20250422,20250511,270
1,1,1,1,1,1,1,20250422,20250511,328
1,1,1,1,1,1,1,20250422,20250511,769
1,1,1,1,1,1,1,20250422,20250512,489
1,1,1,1,1,1,1,20250422,20250513,225
1,1,1,1,1,1,1,20250422,20250513,766
1,1,1,1,1,1,1,20250422,20250513,795
1,1,1,1,1,1,1,20250422,20250513,991
1,1,1,1,1,1,1,20250423,20250504,1232
1,1,1,1,1,1,1,20250425,20250501,1175
1,1,1,1,1,1,1,20250425,20250502,1172
1,1,1,1,1,1,1,20250425,20250509,388
1,1,1,1,1,1,1,20250425,20250513,170
1,1,1,1,1,1,1,20250425,20250513,687
1,1,1,1,1,1,1,20250426,20250502,916
1,1,1,1,1,1,1,20250426,20250509,553
1,1,1,1,1,1,1,20250426,20250511,445
1,1,1,1,1,1,1,20250426,20250512,767
1,1,1,1,1,1,1,20250426,20250513,299
1,1,1,1,1,1,1,20250427,20250513,507
1,1,1,1,1,1,1,20250428,20250504,1104
1,1,1,1,1,1,1,20250428,20250511,529
1,1,1,1,1,1,1,20250428,20250513,1005
1,1,1,1,1,1,1,20250428,20250513,82
1,1,1,1,1,1,1,20250429,20250513,626
1,1,1,1,1,1,1,20250429,20250513,677
1,1,1,1,1,1,1,20250430,20250513,301
1,1,1,1,1,1,1,20250430,20250513,463
1,1,1,1,1,1,1,20250430,20250513,911
1,1,1,1,1,1,1,20250501,20250513,438
1,1,1,1,1,1,1,20250501,20250513,468
1,1,1,1,1,1,1,20250501,20250513,567
1,1,1,1,1,1,1,20250502,20250513,143
1,1,1,1,1,1,1,20250502,20250513,914
1,1,1,1,1,1,1,20250503,20250510,113
1,1,1,1,1,1,1,20250503,20250511,839
1,1,1,1,1,1,1,20250503,20250512,1022
1,1,1,1,1,1,1,20250503,20250513,348
1,1,1,1,1,1,1,20250503,20250513,875
1,1,1,1,1,1,1,20250504,20250513,399
1,1,1,1,1,1,1,20250504,20250513,728
1,1,1,1,1,1,1,20250505,20250511,221
1,1,1,1,1,1,1,20250505,20250513,1064
1,1,1,1,1,1,1,20250505,20250513,1185
1,1,1,1,1,1,1,20250505,20250513,229
1,1,1,1,1,1,1,20250506,20250513,931
1,1,1,1,1,1,1,20250507,20250513,10
1,1,1,1,1,1,1,20250508,20250512,336
1,1,1,1,1,1,1,20250508,20250513,204
