stop_name,parent_station,stop_id,stop_lat,stop_lon,location_type
's-Hertogenbosch,,653426,51.69054,5.293723,1
's-Hertogenbosch,653426,440518,51.69054,5.293723,
Aachen Hbf,544624,525449,50.7678,6.091499,
Aachen Süd(Gr),,253956,50.731915,6.04541,1
Aachen Süd(Gr),253956,588301,50.731915,6.04541,
"Aachen, Hauptbahnhof",,544624,50.767723,6.092051,1
Aalen Hauptbahnhof,,583764,48.841602,10.096031,1
Aalen Hbf,583764,387574,48.84168,10.09613,
Altena(Westf),109837,195720,51.302013,7.668693,
Altena(Westf),109837,486560,51.301956,7.668576,
"Altena, Bahnhof",,109837,51.301983,7.66881,1
Altenbeken,,334111,51.766434,8.943322,1
Altenbeken,334111,638818,51.766296,8.94298,
Amersfoort Centraal,,565995,52.153465,5.373909,1
Amersfoort Centraal,565995,428834,52.153465,5.373909,
Amsterdam Centraal,,396652,52.37919,4.899431,1
Amsterdam Centraal,396652,351939,52.37919,4.899431,
Amstetten NÖ,,351096,48.121605,14.878112,1
Amstetten NÖ,351096,178903,48.121605,14.878112,
Andernach,409800,615782,50.434544,7.404839,
Andernach Bahnhof,,409800,50.434544,7.40484,1
Ansbach,,534487,49.29803,10.578246,1
Ansbach Ansbach Bahnhof Steig 2,534487,568988,49.29889,10.577582,
Ansbach Bahnhof,534487,294857,49.299145,10.578166,
Ansbach Bahnhof,534487,449488,49.299004,10.578067,
Ansbach Bahnhof,534487,59962,49.299046,10.578031,
Apeldoorn,,142187,52.20943,5.968491,1
Apeldoorn,142187,236683,52.20943,5.968491,
Arnhem Centraal,,471497,51.98478,5.901003,1
Arnhem Centraal,471497,641343,51.98478,5.901003,
Aschaffenburg Hbf,,488811,49.980556,9.1437,1
Aschaffenburg Hbf,488811,281876,49.98065,9.14343,
Aschaffenburg Hbf,488811,355339,49.980797,9.14343,
Aschaffenburg Hbf,488811,5335,49.980556,9.143697,
Attnang-Puchheim,,604270,48.012802,13.720719,1
Attnang-Puchheim,604270,138851,48.012802,13.720719,
Augsburg Hbf,,84022,48.36544,10.885569,1
Augsburg Hbf,84022,180980,48.365532,10.885533,
Augsburg Hbf,84022,225449,48.3656,10.885713,
Augsburg Hbf,84022,316498,48.365673,10.885892,
Augsburg Hbf,84022,354441,48.365437,10.885291,
Augsburg Hbf,84022,50807,48.36544,10.88557,
Augsburg Hbf,84022,518288,48.36546,10.885353,
Augustfehn,,146725,53.220894,7.759622,1
Augustfehn,146725,18959,53.220844,7.75963,
Bad Bentheim,90214,237398,52.309853,7.157776,
Bad Bentheim,90214,28898,52.30978,7.157785,
Bad Bentheim Bahnhof,,90214,52.30953,7.158737,1
Bad Bentheim(Gr),,387065,52.3091,7.04016,1
Bad Bentheim(Gr),387065,62380,52.3091,7.04016,
Bad Bevensen,,521548,53.078247,10.574141,1
Bad Bevensen,521548,393299,53.07822,10.574081,
Bad Endorf,,129051,47.904766,12.302122,1
Bad Endorf,129051,454376,47.90459,12.302679,
"Bad Endorf, Bahnhof",129051,183640,47.904682,12.302545,
Bad Hersfeld,,321929,50.869766,9.716581,1
Bad Hersfeld,321929,214857,50.869766,9.716581,
Bad Kleinen,535549,23848,53.766945,11.466213,
Bad Kleinen,535549,320625,53.766644,11.466456,
Bad Kleinen Bhf,,535549,53.76746,11.466429,1
Bad Nauheim,238948,515428,50.367695,8.749241,
Bad Nauheim Bahnhof,,238948,50.367798,8.748327,1
Bad Oeynhausen,669410,309404,52.205257,8.795962,
Bad Oeynhausen,669410,446993,52.205322,8.795944,
"Bad Oeynhausen, Bf/ZOB",,669410,52.2054,8.796519,1
Bad Schandau,312408,333860,50.919315,14.137713,
Bad Schandau,312408,634796,50.91921,14.137704,
Bad Schandau Nationalparkbahnhof,,312408,50.91927,14.138099,1
Bad Zwischenahn,,272321,53.182568,8.002996,1
Bad Zwischenahn,272321,331343,53.18242,8.003398,
Baden(CH),,640668,47.476425,8.307709,1
Baden(CH),640668,213016,47.476425,8.307709,
Baden-Baden,,10130,48.7902,8.191036,1
Baden-Baden,10130,318737,48.7903,8.190803,
Baden-Baden,10130,359070,48.790478,8.190417,
Baden-Baden,10130,432834,48.79032,8.190731,
"Bahnhof, Engen",128278,676639,47.85621,8.772516,
"Bahnhof, Friedberg (Hessen)",235573,451305,50.33204,8.760561,
Bamberg,,589854,49.90076,10.899484,1
Bamberg,589854,145265,49.900597,10.899735,
Bamberg,589854,176821,49.900574,10.900122,
Bamberg,589854,275581,49.900547,10.899879,
Basel Bad Bf,,50285,47.567287,7.607805,1
Basel Bad Bf,50285,98285,47.567287,7.607805,
Basel SBB,,527709,47.547405,7.589551,1
Basel SBB,527709,669522,47.547405,7.589551,
Bebra,,453104,50.969566,9.797788,1
Bebra,453104,116332,50.969566,9.797788,
Bensheim,99103,136014,49.681423,8.616721,
Bensheim,99103,555002,49.681328,8.616717,
Bensheim,99103,89912,49.68174,8.616901,
"Bensheim, Bahnhof",,99103,49.681805,8.616955,1
Bergen Bahnhof,,288582,54.420822,13.418737,1
Bergen auf Rügen,288582,276616,54.420414,13.417534,
Bergen auf Rügen,288582,561121,54.42034,13.417668,
Berlin Gesundbrunnen,71608,240706,52.548485,13.390691,
Berlin Gesundbrunnen,71608,275958,52.548386,13.390704,
Berlin Gesundbrunnen,71608,351014,52.548573,13.390519,
Berlin Gesundbrunnen,71608,477479,52.548885,13.39039,
Berlin Gesundbrunnen,71608,487890,52.548794,13.3904,
Berlin Gesundbrunnen,71608,552053,52.54869,13.390501,
Berlin Hbf,527635,172100,52.524967,13.369527,
Berlin Hbf,527635,256103,52.524998,13.369061,
Berlin Hbf,527635,308666,52.525097,13.369321,
Berlin Hbf,527635,331255,52.52496,13.368911,
Berlin Hbf,527635,333352,52.52519,13.369752,
Berlin Hbf,527635,382712,52.525223,13.369887,
Berlin Hbf,527635,474583,52.52488,13.369627,
Berlin Hbf,527635,481894,52.525143,13.369612,
Berlin Hbf,527635,496195,52.52506,13.369167,
Berlin Hbf,527635,554412,52.52511,13.369472,
Berlin Hbf,527635,600291,52.524788,13.369667,
Berlin Ostbahnhof,120889,178623,52.510414,13.435172,
Berlin Ostbahnhof,120889,261777,52.510475,13.43524,
Berlin Ostbahnhof,120889,619626,52.510254,13.435024,
Berlin Ostbahnhof,120889,661239,52.510178,13.434942,
Berlin Ostbahnhof,120889,81246,52.510242,13.434586,
Berlin Ostkreuz,127767,326623,52.502907,13.468553,
Berlin Ostkreuz,127767,355962,52.503067,13.469961,
Berlin Ostkreuz,127767,440451,52.50304,13.468615,
Berlin Ostkreuz,127767,562008,52.503128,13.469622,
Berlin Südkreuz,156352,173208,52.475433,13.365603,
Berlin Südkreuz,156352,210162,52.475887,13.365455,
Berlin Südkreuz,156352,275769,52.47565,13.365612,
Berlin Südkreuz,156352,528394,52.475407,13.365754,
Berlin Südkreuz,156352,637356,52.475685,13.365454,
Berlin Südkreuz,156352,675274,52.475925,13.365291,
Berlin Zoologischer Garten,370785,109676,52.507717,13.332555,
Berlin Zoologischer Garten,370785,352261,52.50762,13.332927,
Berlin Zoologischer Garten,370785,419577,52.507652,13.332804,
Berlin Zoologischer Garten,370785,639865,52.50768,13.332686,
Berlin-Charlottenburg,557609,561971,52.504173,13.301819,
Berlin-Lichtenberg,160706,43667,52.510124,13.496304,
Berlin-Lichtenberg,160706,674317,52.510002,13.49649,
Berlin-Spandau,482360,265752,52.534485,13.1971,
Berlin-Spandau,482360,426474,52.534668,13.197191,
Berlin-Spandau,482360,513785,52.5346,13.197163,
Berlin-Spandau,482360,53140,52.534542,13.197124,
Berlin-Wannsee,14762,162373,52.42135,13.180446,
Berlin-Wannsee,14762,394091,52.421402,13.180358,
Bern,,608155,46.948833,7.439131,1
Bern,608155,120054,46.948833,7.439131,
Biberach ZOB/Bahnhof,,474247,48.101456,9.792795,1
Biberach(Riß),474247,440073,48.101936,9.792939,
Biberach(Riß),474247,643736,48.101994,9.793155,
Bielefeld Hbf,,440649,52.029263,8.53272,1
Bielefeld Hbf,440649,104573,52.029522,8.533106,
Bielefeld Hbf,440649,651102,52.02962,8.532917,
Bingen(Rhein) Hbf,584893,423981,49.969147,7.882717,
"Bingen, Hauptbahnhof",,584893,49.96874,7.883543,1
Binz (Ostseebad),,408427,54.404823,13.600502,1
Bischofshofen,,514272,47.41786,13.219888,1
Bischofshofen,514272,497794,47.41786,13.219888,
Bitterfeld,,417030,51.62286,12.31685,1
Bitterfeld,417030,28761,51.62286,12.31685,
Bludenz,,625613,47.154724,9.814564,1
Bludenz,625613,166496,47.154724,9.814564,
Bochnia,,41189,49.9773,20.430775,1
Bochnia,41189,391469,49.9773,20.430775,
Bochum Hbf,,529421,51.479465,7.223335,1
Bochum Hbf,529421,346762,51.478394,7.222859,
Bochum Hbf,529421,573110,51.47853,7.222715,
Bochum Hbf,529421,602564,51.478607,7.223275,
Bochum Hbf,529421,632344,51.478252,7.223012,
Bohumin,,113563,49.90073,18.359444,1
Bohumin,113563,475160,49.90073,18.359444,
Bolzano/Bozen,,264445,46.496376,11.358791,1
Bolzano/Bozen,264445,201339,46.496376,11.358791,
Bondorf,,69114,48.52327,8.827879,1
Bondorf(b Herrenberg),69114,36803,48.52329,8.827852,
Bondorf(b Herrenberg),69114,547273,48.52328,8.827735,
Bonn Beuel Bf,,34836,50.738476,7.127656,1
Bonn Hbf,,649168,50.732006,7.097131,1
Bonn Hbf,649168,52662,50.731956,7.097364,
Bonn Hbf,649168,538775,50.731754,7.097212,
Bonn Hbf,649168,585543,50.731834,7.097284,
Bonn-Beuel,34836,179941,50.738728,7.126748,
Bonn-Beuel,34836,361192,50.737896,7.12815,
Bonn-Beuel,34836,618948,50.738205,7.127862,
Brandenburg Hbf,272270,293769,52.400276,12.565075,
Brandenburg Hbf,272270,335440,52.40021,12.565134,
Brandenburg Hbf,272270,36464,52.40043,12.565258,
"Brandenburg, Hauptbahnhof",,272270,52.400795,12.566036,1
Bratislava hl.st.,,6611,48.15891,17.106466,1
Bratislava hl.st.,6611,114489,48.15891,17.106466,
Braunschweig Hbf,318146,150319,52.25223,10.540921,
Braunschweig Hbf,318146,573304,52.25216,10.541083,
Braunschweig Hbf,318146,75534,52.25227,10.54085,
"Braunschweig, Hauptbahnhof",,318146,52.252644,10.539547,1
Breclav,,497457,48.7539,16.893236,1
Breclav,497457,134045,48.7539,16.893236,
Breclav(Gr),,536084,48.71265,16.86837,1
Breclav(Gr),536084,336051,48.71265,16.86837,
Bregenz,,562152,47.503002,9.739627,1
Bregenz,562152,489965,47.503002,9.739627,
Bregenz Riedenburg,,164601,47.49291,9.721313,1
Bregenz Riedenburg,164601,480963,47.49291,9.721313,
Bremen Hbf,,354161,53.083256,8.813857,1
Bremen Hbf,354161,179759,53.0835,8.81418,
Bremen Hbf,354161,320923,53.083565,8.81426,
Bremen Hbf,354161,379316,53.082947,8.813447,
Bremen Hbf,354161,528175,53.083275,8.813879,
Bremen Hbf,354161,553344,53.083073,8.813611,
Bremen Hbf,354161,558662,53.08342,8.814067,
Bremen Hbf,354161,577501,53.083355,8.813982,
Brennero/Brenner,,70428,47.002342,11.505426,1
Brennero/Brenner,70428,303161,47.002342,11.505426,
Bressanone/Brixen,,614392,46.709896,11.649764,1
Bressanone/Brixen,614392,581526,46.709896,11.649764,
Brig,,301456,46.319424,7.988095,1
Brig,301456,43249,46.319424,7.988095,
Brno hl.n.,,605463,49.19054,16.612774,1
Brno hl.n.,605463,217266,49.19054,16.612774,
Bruchsal,,322837,49.124924,8.590347,1
Bruchsal,322837,151321,49.125088,8.590113,
Bruchsal,322837,204982,49.125053,8.590275,
Bruchsal,322837,314033,49.124622,8.589649,
Bruchsal,322837,619910,49.12513,8.589924,
Bruck/Mur,,387474,47.41383,15.279433,1
Bruck/Mur,387474,266814,47.41383,15.279433,
Brugg AG,,668139,47.48086,8.208845,1
Brugg AG,668139,639780,47.48086,8.208845,
Bruxelles Midi,,170271,50.835377,4.335694,1
Bruxelles Midi,170271,99193,50.835377,4.335694,
Bruxelles-Nord,,415317,50.860237,4.361454,1
Bruxelles-Nord,415317,297970,50.860237,4.361454,
Buchloe,,189025,48.033722,10.716219,1
Buchloe,189025,100710,48.033638,10.716084,
Buchloe,189025,175968,48.033585,10.716273,
Buchloe,189025,388824,48.03355,10.716389,
Budapest-Kelenföld,,124836,47.464355,19.020456,1
Budapest-Kelenföld,124836,89596,47.464355,19.020456,
Budapest-Keleti,,210632,47.50038,19.085072,1
Budapest-Keleti,210632,340785,47.50038,19.085072,
Budapest-Nyugati,,132315,47.510708,19.057467,1
Budapest-Nyugati,132315,425996,47.510708,19.057467,
Bydgoszcz Glowna,,279326,53.135113,17.991636,1
Bydgoszcz Glowna,279326,69673,53.135113,17.991636,
Böblingen,,147840,48.687847,9.004533,1
Böblingen,147840,101883,48.688004,9.00438,
Böblingen,147840,662847,48.687847,9.004641,
Büchen,619847,331032,53.474976,10.623292,
"Büchen, Büchen",,619847,53.47663,10.620937,1
Bünde(Westf),211606,203195,52.20239,8.574419,
Bünde(Westf),211606,581171,52.202274,8.574509,
"Bünde, Bahnhof / ZOB",,211606,52.202076,8.573871,1
Bützow,493097,39045,53.83704,11.997872,
Bützow,493097,556922,53.83715,11.998132,
Bützow Bahnhof,,493097,53.837006,11.997513,1
Celje,,111317,46.228558,15.26798,1
Celje,111317,149530,46.228558,15.26798,
Celle,60523,537222,52.620457,10.062468,
Celle Bahnhof,,60523,52.62075,10.064787,1
Ceska Trebova,,567452,49.897324,16.446808,1
Ceska Trebova,567452,326817,49.897324,16.446808,
Chemnitz Hbf,280386,11265,50.839695,12.930877,
Chemnitz Hbf,280386,395234,50.83933,12.931177,
Chemnitz Hbf,280386,437998,50.84002,12.930907,
Chemnitz Hbf,280386,458877,50.839336,12.931096,
Chemnitz Hbf,280386,539058,50.84013,12.930215,
Chemnitz Hbf,280386,553369,50.84004,12.930799,
Chemnitz Hbf,280386,9674,50.83933,12.930952,
"Chemnitz, Hauptbahnhof",,280386,50.83963,12.930692,1
Chur,,575952,46.853085,9.528938,1
Chur,575952,456556,46.853085,9.528938,
Coburg,,3614,50.262924,10.957326,1
Coburg,3614,186801,50.263447,10.957201,
Coburg,3614,469849,50.26347,10.957452,
Cottbus Hbf,366873,43837,51.75054,14.323346,
Cottbus Hbf,366873,4495,51.751488,14.323561,
Cottbus Hbf,366873,608977,51.751553,14.323517,
"Cottbus, Hauptbahnhof",,366873,51.750984,14.324464,1
Crailsheim,599988,338937,49.13812,10.064814,
Crailsheim,599988,610794,49.13787,10.064326,
Crailsheim,599988,649968,49.138126,10.064572,
Crailsheim Bahnhof,,599988,49.137913,10.06432,1
Czechowice-Dziedzice,,379468,49.915104,19.00465,1
Czechowice-Dziedzice,379468,279263,49.915104,19.00465,
D-Flughafen Bf,,11637,51.292088,6.786979,1
Dagebüll Kirche,,518208,54.73058,8.729632,1
Dagebüll Kirche,518208,403743,54.73028,8.729485,
Dagebüll Mole,,586442,54.73011,8.690239,1
Dagebüll Mole,586442,612026,54.729908,8.690989,
Darmstadt Hauptbahnhof,,157356,49.87194,8.631148,1
Darmstadt Hbf,157356,263244,49.87304,8.629164,
Debica,,507799,50.054417,21.405565,1
Debica,507799,478248,50.054417,21.405565,
Decin hl.n.,,68445,50.773193,14.200972,1
Decin hl.n.,68445,69190,50.773415,14.201247,
Deezbüll,,507608,54.77697,8.818274,1
Deezbüll,507608,392068,54.77697,8.818274,
Delmenhorst,,349185,53.05278,8.629879,1
Delmenhorst,349185,600712,53.05279,8.629758,
Dessau Hbf,,472927,51.839867,12.234945,1
Dessau Hbf,472927,193538,51.839867,12.234945,
Deventer,,505094,52.257435,6.160506,1
Deventer,505094,114283,52.257435,6.160506,
Diepholz,,239242,52.6046,8.380249,1
Diepholz,239242,97693,52.6046,8.380267,
Dillenburg,519008,287438,50.734905,8.294586,
Dillenburg Bahnhof,,519008,50.734905,8.294586,1
Doberlug-Kirchhain,533260,271943,51.620533,13.564268,
Doberlug-Kirchhain,533260,546547,51.62053,13.564161,
"Doberlug-Kirchhain, Bahnhof",,533260,51.62061,13.564187,1
Dobova,,642087,45.89839,15.655178,1
Dobova,642087,67607,45.89839,15.655178,
Dobova(Gr),,411137,45.890633,15.680238,1
Dobova(Gr),411137,455964,45.890633,15.680238,
Donaueschingen,53338,14827,47.94808,8.498727,
Donaueschingen,53338,78392,47.94801,8.4987,
Donaueschingen Bahnhof,,53338,47.94753,8.499428,1
Donauwörth,,33045,48.714024,10.771447,1
Donauwörth,33045,428919,48.71413,10.771654,
Donauwörth,33045,509754,48.71402,10.771564,
Donauwörth,33045,79653,48.714027,10.771443,
Dornbirn,,289783,47.41769,9.738808,1
Dornbirn,289783,282943,47.41769,9.738808,
Dortmund Hbf,,16934,51.51689,7.459592,1
Dortmund Hbf,16934,156011,51.517883,7.458721,
Dortmund Hbf,16934,159471,51.5176,7.458793,
Dortmund Hbf,16934,274288,51.518063,7.458685,
Dortmund Hbf,16934,285090,51.517456,7.458829,
Dortmund Hbf,16934,39754,51.51821,7.45864,
Dortmund Hbf,16934,512933,51.51796,7.458703,
Dortmund Hbf,16934,54320,51.517895,7.45929,
Dortmund Hbf,16934,69722,51.517723,7.458775,
Dortmund Scharnhorst Bf,,150735,51.538452,7.537602,1
Dortmund-Scharnhorst,150735,19187,51.538372,7.536564,
Dresden Bahnhof Neustadt,,536430,51.065426,13.740882,1
Dresden Hauptbahnhof,,440942,51.03993,13.732932,1
Dresden Hbf,440942,216798,51.039875,13.731396,
Dresden Hbf,440942,225179,51.040684,13.731863,
Dresden Hbf,440942,267733,51.040016,13.731531,
Dresden-Neustadt,536430,10775,51.065994,13.740424,
Dresden-Neustadt,536430,490162,51.066097,13.740235,
Dresden-Neustadt,536430,527558,51.066017,13.740352,
Dresden-Neustadt,536430,581013,51.06591,13.740541,
Duisburg Hbf,,524034,51.430454,6.774528,1
Duisburg Hbf,524034,22484,51.42997,6.775902,
Duisburg Hbf,524034,245964,51.43,6.775696,
Duisburg Hbf,524034,448244,51.43001,6.775624,
Duisburg Hbf,524034,473802,51.429836,6.777088,
Duisburg Hbf,524034,612791,51.429867,6.776882,
Duisburg Hbf,524034,634223,51.42987,6.776801,
Duisburg Hbf,524034,653436,51.429787,6.775903,
Döbeln Hbf,666571,269108,51.12688,13.095119,
"Döbeln, Hauptbahnhof",,666571,51.126686,13.09564,1
Düren,,448604,50.809517,6.482451,1
Düren,448604,474266,50.809517,6.482451,
Düsseldorf Flughafen,11637,270969,51.29135,6.786853,
Düsseldorf Flughafen,11637,442464,51.291367,6.787158,
Düsseldorf Hbf,,354878,51.220253,6.792997,1
Düsseldorf Hbf,354878,172775,51.219315,6.795261,
Düsseldorf Hbf,354878,196548,51.219612,6.794632,
Düsseldorf Hbf,354878,237768,51.219505,6.794866,
Düsseldorf Hbf,354878,282070,51.219975,6.793869,
Düsseldorf Hbf,354878,296053,51.219543,6.794776,
Düsseldorf Hbf,354878,317892,51.219433,6.795027,
Düsseldorf Hbf,354878,439854,51.219395,6.795099,
Düsseldorf Hbf,354878,456977,51.219963,6.794319,
Düsseldorf Hbf,354878,55920,51.220028,6.793752,
Düsseldorf Hbf,354878,648807,51.21986,6.794111,
Eindhoven Centraal,,375672,51.44302,5.479576,1
Eindhoven Centraal,375672,162246,51.44302,5.479576,
Eisenach Hbf,199176,303103,50.975952,10.331229,
"Eisenach, Hbf",,199176,50.976894,10.331974,1
Ellwangen,317518,954,48.96439,10.129664,
Ellwangen Bahnhof,,317518,48.964535,10.129762,1
Elsterwerda,676457,398467,51.46012,13.51666,
Elsterwerda,676457,39873,51.459404,13.516305,
"Elsterwerda, Bahnhof",,676457,51.459805,13.516412,1
Emden Außenhafen,554611,222843,53.344498,7.186394,
Emden Hbf,343684,471229,53.36933,7.195423,
Emden(Ostfriesl) Außenhafen,,554611,53.344498,7.186394,1
Emden(Ostfriesl) Hbf,,343684,53.36925,7.195502,1
Emmerich(Gr),,58461,51.901196,6.137652,1
Emmerich(Gr),58461,235749,51.901196,6.137652,
Engen,128278,556834,47.8561,8.772597,
Engen Bahnhof,,128278,47.856007,8.772561,1
"Erfurt, Hauptbahnhof",,253081,50.972057,11.037305,1
Ergenzingen,597772,262529,48.489243,8.809751,
Ergenzingen,597772,414806,48.48959,8.810191,
Ergenzingen Bahnhof,,597772,48.489594,8.809949,1
Erkelenz,,271696,51.076595,6.321634,1
Erkelenz,271696,666238,51.076595,6.321634,
Erlangen,,550712,49.595825,11.00164,1
Erlangen,550712,113680,49.596157,11.001488,
Erlangen,550712,350023,49.59583,11.001638,
Erlangen,550712,661808,49.596188,11.001685,
Essen Hbf,,573074,51.449734,7.012213,1
Essen Hbf,573074,172342,51.451355,7.014793,
Essen Hbf,573074,318561,51.451164,7.014028,
Essen Hbf,573074,363366,51.45151,7.013974,
Essen Hbf,573074,607435,51.451736,7.013938,
Essen Hbf,573074,630671,51.45159,7.013956,
Essen Hbf,573074,653130,51.451363,7.014001,
Eutingen im Gäu,70699,195135,48.479736,8.782361,
Eutingen im Gäu Bahnhof,,70699,48.47957,8.781643,1
Feldkirch,,11324,47.24098,9.604102,1
Feldkirch,11324,16278,47.24098,9.604102,
Fieberbrunn,,94709,47.49114,12.528944,1
Fieberbrunn,94709,197187,47.49114,12.528944,
Finnentrop,38383,360606,51.1729,7.96467,
Finnentrop Bf,,38383,51.173046,7.964562,1
Fischen,,115518,47.456596,10.271723,1
"Fischen, Bahnhof",115518,455425,47.4566,10.271032,
Flensburg,,450669,54.774048,9.436687,1
Flensburg,450669,471594,54.77395,9.436603,
Flensburg,450669,610531,54.773857,9.436511,
Flensburg [Grenze],,194682,54.814842,9.36324,1
Flensburg(Gr),194682,259512,54.814842,9.36324,
Flughafen BER,,468963,52.364605,13.509874,1
Flughafen BER,468963,304916,52.364063,13.509307,
Flughafen BER,468963,400228,52.36424,13.509191,
Flughafen BER,468963,421622,52.36416,13.509246,
Flughafen BER,468963,609470,52.364323,13.509145,
Flughafen Köln/Bonn Bf,,594296,50.878902,7.119301,1
Flughafen Wien,,317517,48.120903,16.56307,1
Flughafen Wien,317517,84932,48.120903,16.56307,
Forbach(F),,388464,49.189217,6.900258,1
Forbach(F),388464,601927,49.189217,6.900258,
Forbach(fr),,298915,49.21409,6.944314,1
Forbach(fr),298915,82275,49.21409,6.944314,
Frankfurt (Main) Hauptbahnhof,,310949,50.107155,8.663759,1
Frankfurt (Main) Südbahnhof,,492252,50.099327,8.686442,1
Frankfurt (Main) Westbahnhof,,193134,50.119446,8.639455,1
"Frankfurt (Oder), Bahnhof",,222458,52.336708,14.547147,1
Frankfurt(M) Flughafen Fernbf,,544653,50.053165,8.570185,1
Frankfurt(M) Flughafen Fernbf,544653,14242,50.053165,8.570185,
Frankfurt(M) Flughafen Regionalbf,,514850,50.05122,8.571251,1
Frankfurt(M) Flughafen Regionalbf,514850,657486,50.05122,8.571251,
Frankfurt(Main)Hbf,310949,161955,50.10587,8.663474,
Frankfurt(Main)Hbf,310949,226426,50.106102,8.663151,
Frankfurt(Main)Hbf,310949,232906,50.104183,8.659307,
Frankfurt(Main)Hbf,310949,241963,50.1062,8.663011,
Frankfurt(Main)Hbf,310949,252820,50.106686,8.662504,
Frankfurt(Main)Hbf,310949,258866,50.10636,8.662772,
Frankfurt(Main)Hbf,310949,263703,50.107098,8.662068,
Frankfurt(Main)Hbf,310949,269537,50.10647,8.662687,
Frankfurt(Main)Hbf,310949,322638,50.1069,8.662237,
Frankfurt(Main)Hbf,310949,35255,50.10696,8.662195,
Frankfurt(Main)Hbf,310949,376892,50.106003,8.663306,
Frankfurt(Main)Hbf,310949,398542,50.107033,8.662124,
Frankfurt(Main)Hbf,310949,434654,50.106262,8.662941,
Frankfurt(Main)Hbf,310949,470881,50.10577,8.663461,
Frankfurt(Main)Hbf,310949,51314,50.10681,8.66235,
Frankfurt(Main)Hbf,310949,513557,50.106148,8.663123,
Frankfurt(Main)Hbf,310949,539346,50.1063,8.662814,
Frankfurt(Main)Hbf,310949,542687,50.10662,8.662561,
Frankfurt(Main)Hbf,310949,668661,50.106754,8.662378,
Frankfurt(Main)Hbf,310949,78391,50.10652,8.662645,
Frankfurt(Main)Süd,492252,307041,50.099003,8.686179,
Frankfurt(Main)Süd,492252,398315,50.099205,8.685283,
Frankfurt(Main)Süd,492252,614722,50.099064,8.686108,
Frankfurt(Main)West,193134,217620,50.11939,8.638952,
Frankfurt(Oder),222458,258917,52.336563,14.545988,
Frankfurt(Oder),222458,298235,52.336643,14.54624,
Frankfurt(Oder),222458,628251,52.336605,14.546146,
Frankfurt(Oder)(Gr),,215099,52.321175,14.576403,1
Frankfurt(Oder)(Gr),215099,205590,52.321175,14.576403,
Fredericia st,,263707,55.56809,9.738813,1
Fredericia st,263707,50996,55.56809,9.738813,
Freiberg(Sachs),77913,396431,50.908634,13.344572,
Freiberg(Sachs),77913,540241,50.908737,13.344644,
"Freiberg, Bahnhof",,77913,50.90936,13.342219,1
Freiburg Hauptbahnhof,,215263,47.996616,7.840442,1
Freiburg(Breisgau) Hbf,215263,160845,47.997696,7.84117,
Freiburg(Breisgau) Hbf,215263,362404,47.99773,7.841511,
Freiburg(Breisgau) Hbf,215263,502006,47.997765,7.841295,
Freiburg(Breisgau) Hbf,215263,550360,47.997704,7.841619,
Freilassing,,578118,47.836914,12.977197,1
Freilassing,578118,189388,47.836918,12.977193,
Freilassing,578118,44505,47.83703,12.976586,
Freilassing,578118,550980,47.836205,12.977997,
Freilassing Bahnhof,578118,56446,47.83622,12.977907,
Frick,,485747,47.507164,8.01268,1
Frick,485747,440663,47.507164,8.01268,
Friedberg (Hessen) Bahnhof,,235573,50.332745,8.761246,1
Friedrichsh. Stadtbahnhof,,471722,47.653057,9.473426,1
Friedrichshafen Stadt,471722,309753,47.653084,9.473498,
Fulda,581293,239545,50.555016,9.683904,
Fulda Bahnhof,,581293,50.55492,9.683761,1
"GD, Bahnhof",,366138,48.800285,9.787118,1
Garmisch-Partenkirchen,,38621,47.491455,11.097014,1
Garmisch-Partenkirchen,38621,309433,47.49119,11.098515,
Garmisch-Partenkirchen,38621,33225,47.491116,11.098326,
Garmisch-Partenkirchen,38621,638763,47.49107,11.098209,
Gdansk Glowny,,275702,54.35552,18.643803,1
Gdansk Glowny,275702,355613,54.35552,18.643803,
Gdansk Oliwa,,242439,54.409893,18.571741,1
Gdansk Oliwa,242439,76282,54.409893,18.571741,
Gdansk Wrzeszcz,,616545,54.38186,18.605434,1
Gdansk Wrzeszcz,616545,365844,54.38186,18.605434,
Gdynia Glowna,,390388,54.52084,18.529556,1
Gdynia Glowna,390388,343130,54.52084,18.529556,
Geilenkirchen,,348573,50.96104,6.124518,1
Geilenkirchen,348573,36327,50.96104,6.124518,
Gelsenkirchen Hbf,,307987,51.504925,7.102206,1
Gelsenkirchen Hbf,307987,248538,51.5049,7.102455,
Gelsenkirchen Hbf,307987,34931,51.504814,7.103177,
Gelsenkirchen Hbf,307987,395237,51.505142,7.103015,
Gelsenkirchen Hbf,307987,462623,51.50487,7.103141,
Gelsenkirchen Hbf,307987,79467,51.50504,7.103051,
Gelsenkirchen Hbf,307987,91729,51.504982,7.103087,
Gera Hbf,,74426,50.88342,12.077098,1
Gera Hbf,74426,352482,50.883423,12.077092,
Gießen,22656,585882,50.579884,8.663799,
Gießen Bahnhof,,22656,50.579884,8.663799,1
Gliwice,,470078,50.301105,18.677158,1
Gliwice,470078,384749,50.301105,18.677158,
Glogow,,657883,51.668957,16.079712,1
Glogow,657883,263990,51.668957,16.079712,
Gniezno,,449447,52.52965,17.602184,1
Gniezno,449447,137961,52.52965,17.602184,
Golling-Abtenau,,608827,47.600574,13.164086,1
Golling-Abtenau,608827,582563,47.600574,13.164086,
Gotha,,473184,50.93905,10.712328,1
Gotha,473184,287363,50.93907,10.712568,
Graz Hbf,,71076,47.072296,15.416437,1
Graz Hbf,71076,588380,47.072296,15.416437,
Greifswald,,634488,54.092926,13.370264,1
Greifswald,634488,407527,54.092815,13.370453,
Györ,,223684,47.68198,17.63479,1
Györ,223684,568410,47.68198,17.63479,
Gäufelden,,166123,48.559715,8.850103,1
Gäufelden,166123,184347,48.559704,8.850157,
Gäufelden,166123,572688,48.559734,8.85004,
Göppingen,,463175,48.70012,9.652344,1
Göppingen,463175,410342,48.699856,9.652146,
Göppingen,463175,513788,48.700027,9.651969,
Göttingen,,389934,51.53672,9.925875,1
Göttingen,389934,111052,51.536713,9.926303,
Göttingen,389934,199385,51.53674,9.925647,
Göttingen,389934,290006,51.536682,9.926424,
Göttingen,389934,485002,51.53698,9.925599,
Göttingen,389934,513041,51.536865,9.92561,
Göttingen,389934,558580,51.53667,9.925681,
Günzburg,,341518,48.460564,10.27926,1
Günzburg,341518,250299,48.46052,10.27926,
Günzburg,341518,348669,48.460575,10.279224,
Gütersloh Hbf,329535,18286,51.90686,8.38483,
Gütersloh Hbf,329535,566472,51.906822,8.384893,
"Gütersloh, Hbf/ZOB",,329535,51.906944,8.385072,1
HER Wanne-Eickel Hbf,,42189,51.531254,7.16578,1
Hagen Hbf,,285353,51.361965,7.461802,1
Hagen Hbf,285353,115482,51.36179,7.460302,
Hagen Hbf,285353,18021,51.363895,7.460877,
Hagen Hbf,285353,182561,51.362637,7.460589,
Hagen Hbf,285353,289245,51.36389,7.460347,
Hagen Hbf,285353,473622,51.362747,7.460249,
Hagen Hbf,285353,498871,51.361797,7.460158,
Hagen Hbf,285353,594321,51.363895,7.460697,
Hagen Hbf,285353,619172,51.36264,7.46049,
Halle(Saale)Hbf,,339204,51.47751,11.987085,1
Halle(Saale)Hbf,339204,669104,51.47751,11.987085,
Hallein,,66443,47.68517,13.099434,1
Hallein,66443,476658,47.68517,13.099434,
Hamburg Dammtor,585034,87755,53.560757,9.989569,
Hamburg Hbf,498976,102131,53.552277,10.007483,
Hamburg Hbf,498976,285885,53.551598,10.006923,
Hamburg Hbf,498976,299546,53.55271,10.007025,
Hamburg Hbf,498976,381655,53.552303,10.006336,
Hamburg Hbf,498976,441024,53.552357,10.007322,
Hamburg Hbf,498976,449949,53.55252,10.007353,
Hamburg Hbf,498976,628245,53.55232,10.006654,
"Hamburg, Bergedorf",,438259,53.489857,10.205968,1
"Hamburg, Hamburg Dammtor",,585034,53.560783,9.989403,1
"Hamburg, Hamburg Hbf",,498976,53.552753,10.007925,1
"Hamburg, Hamburg-Altona",,594531,53.55325,9.935405,1
"Hamburg, Hamburg-Harburg",,380369,53.456375,9.990947,1
Hamburg-Altona,594531,207845,53.552853,9.935336,
Hamburg-Altona,594531,35373,53.552757,9.935152,
Hamburg-Altona,594531,356618,53.552803,9.934821,
Hamburg-Altona,594531,387645,53.552773,9.935077,
Hamburg-Altona,594531,589079,53.55277,9.934896,
Hamburg-Bergedorf,438259,16247,53.48963,10.205985,
Hamburg-Bergedorf,438259,271672,53.48955,10.206101,
Hamburg-Harburg,380369,121845,53.456177,9.991349,
Hamburg-Harburg,380369,222956,53.45627,9.992209,
Hamburg-Harburg,380369,439809,53.45624,9.991983,
Hamburg-Harburg,380369,635067,53.45617,9.991274,
Hamburg-Harburg,380369,91265,53.455902,9.991704,
"Hamm (Westf), Hauptbahnhof",,576775,51.678078,7.807824,1
Hamm(Westf)Hbf,576775,321302,51.678616,7.808291,
Hamm(Westf)Hbf,576775,374523,51.6785,7.807492,
Hamm(Westf)Hbf,576775,432335,51.67856,7.807896,
Hamm(Westf)Hbf,576775,566052,51.678474,7.807276,
Hamm(Westf)Hbf,576775,641976,51.678436,7.807007,
Hanau Hauptbahnhof,,485226,50.121346,8.928415,1
Hanau Hbf,485226,421070,50.121346,8.928415,
Hannover Hauptbahnhof/E.-A.-Pl,,606114,52.375748,9.740702,1
Hannover Hbf,606114,576313,52.376762,9.741021,
Hannover Messe / Laatzen,,71923,52.317486,9.792149,1
Hannover Messe/Laatzen,71923,294550,52.317005,9.792903,
Hannover Messe/Laatzen,71923,539021,52.316975,9.792607,
Hannover Messe/Laatzen,71923,547170,52.3169,9.792863,
Hauptbahnhof,253081,56805,50.97211,11.037261,
Hauptbahnhof (oben),,408329,48.784878,9.182794,1
Hauptbahnhof A1,451724,256088,54.315235,10.131234,
Hegyeshalom,,302113,47.913975,17.145296,1
Hegyeshalom,302113,364134,47.913975,17.145296,
Hegyeshalom(Gr),,198988,47.93826,17.095844,1
Hegyeshalom(Gr),198988,67799,47.93826,17.095844,
Heide(Holst),,626102,54.192932,9.101242,1
Heide(Holst),626102,515238,54.19317,9.100833,
Heidelberg Hbf,555626,104488,49.40382,8.674716,
Heidelberg Hbf,555626,141457,49.403843,8.675138,
Heidelberg Hbf,555626,187272,49.40357,8.675442,
Heidelberg Hbf,555626,218930,49.40392,8.674851,
Heidelberg Hbf,555626,341557,49.404106,8.675013,
Heidelberg Hbf,555626,44146,49.403503,8.674375,
Heidelberg Hbf,555626,531993,49.40351,8.674815,
Heidelberg Hbf,555626,562162,49.403625,8.674905,
Heidelberg Hbf,555626,579724,49.40359,8.67451,
"Heidelberg, Hauptbahnhof",,555626,49.404316,8.676243,1
Heilbronn Hauptbahnhof,,332797,49.142925,9.207974,1
Heilbronn Hbf,332797,610288,49.14302,9.207561,
Helmstedt,620511,207988,52.22181,11.010192,
Helmstedt,620511,610674,52.22185,11.010084,
"Helmstedt, Bahnhof",,620511,52.22207,11.010093,1
Hengelo,,60636,52.261852,6.793726,1
Hengelo,60636,576420,52.261852,6.793726,
Herford,572944,334774,52.119453,8.663415,
Herford,572944,477160,52.119358,8.663667,
"Herford, Bahnhof",,572944,52.11961,8.66364,1
Hermsdorf-Klosterlausnitz,,574280,50.90385,11.858619,1
Hermsdorf-Klosterlausnitz,574280,433775,50.903778,11.858626,
Herrenberg,,531919,48.593956,8.862626,1
Herrenberg,531919,454507,48.593933,8.862895,
Herrenberg,531919,465156,48.594112,8.862716,
Herzogenrath,,621648,50.870914,6.094486,1
Herzogenrath,621648,668547,50.870914,6.094486,
Hildesheim Hauptbahnhof,,312902,52.159668,9.952588,1
Hildesheim Hbf,312902,324197,52.160027,9.952812,
Hildesheim Hbf,312902,46875,52.160275,9.952633,
Hilversum,,147396,52.22667,5.181399,1
Hilversum,147396,525551,52.22667,5.181399,
Hochfilzen,,478833,47.467712,12.626525,1
Hochfilzen,478833,86284,47.467712,12.626525,
Hodonin,,306023,48.856613,17.1226,1
Hodonin,306023,531351,48.856613,17.1226,
Hohenems,,172604,47.364708,9.681001,1
Hohenems,172604,479184,47.364708,9.681001,
Homburg (Saar) Hbf,,74017,49.32808,7.337035,1
Homburg(Saar)Hbf,74017,124550,49.327587,7.33657,
Homburg(Saar)Hbf,74017,232556,49.327637,7.336362,
Hopfgarten im Brixental,,506871,47.455353,12.14918,1
Hopfgarten im Brixental,506871,630839,47.455353,12.14918,
Horb,536865,586300,48.441597,8.688775,
Horb,536865,82958,48.44146,8.688829,
Horb Bahnhof/ZOB,,536865,48.441853,8.688892,1
Hude,447631,343733,53.10937,8.461016,
Hude(Oldb),,447631,53.10937,8.460953,1
Husum,,130193,54.472015,9.056272,1
Husum,130193,228153,54.472088,9.055957,
Hünfeld,515701,21678,50.673237,9.762918,
Hünfeld Bahnhof,,515701,50.673237,9.762918,1
Immenstadt,,96637,47.559204,10.213997,1
"Immenstadt, Bahnhof",96637,178573,47.559406,10.212785,
"Immenstadt, Bahnhof",96637,557458,47.559464,10.212461,
Imst-Pitztal,,433057,47.219074,10.76167,1
Imst-Pitztal,433057,176840,47.219074,10.76167,
Ingolstadt Hbf,,223152,48.74455,11.437341,1
Ingolstadt Hbf,223152,206502,48.74454,11.437337,
Ingolstadt Hbf,223152,360096,48.745197,11.436111,
Ingolstadt Hbf,223152,508669,48.744904,11.436021,
"Ingolstadt, Hauptbahnhof",223152,128946,48.745193,11.435967,
Innsbruck Hauptbahnhof,,22547,47.263332,11.40051,1
Innsbruck Hbf,22547,211173,47.26333,11.40051,
Inowroclaw,,360874,52.804947,18.24406,1
Inowroclaw,360874,540468,52.804947,18.24406,
Interlaken Ost,,674000,46.6905,7.869,1
Interlaken Ost,674000,480547,46.6905,7.869,
Interlaken West,,499052,46.68295,7.851366,1
Interlaken West,499052,316260,46.68295,7.851366,
"Iserl., Letmathe Bf",,460391,51.362835,7.618396,1
Itzehoe,,516402,53.92408,9.510151,1
Itzehoe,516402,552147,53.923794,9.510167,
Jaroslaw,,545772,50.01067,22.677896,1
Jaroslaw,545772,431695,50.01067,22.677896,
Jena Paradies,,192168,50.924854,11.587468,1
Jena Paradies,192168,189259,50.924854,11.587461,
Jena West,,140370,50.923286,11.57785,1
Jena West,140370,233520,50.923286,11.577848,
Jena-Göschwitz,,267863,50.8838,11.593217,1
Jena-Göschwitz,267863,490552,50.88394,11.593537,
Jenbach,,152966,47.388447,11.778454,1
Jenbach,152966,151332,47.388447,11.778454,
Jüterbog,2859,142749,51.997135,13.053549,
"Jüterbog, Bahnhof",,2859,51.997562,13.054871,1
Kaiserslautern Hbf,668750,328483,49.435905,7.768532,
Kaiserslautern Hbf,668750,86985,49.435856,7.768559,
"Kaiserslautern, Hbf",,668750,49.436264,7.768253,1
Kapfenberg,,115732,47.44512,15.292088,1
Kapfenberg,115732,45103,47.44512,15.292088,
Karlsruhe Hauptbahnhof,,157629,48.993347,8.401036,1
Karlsruhe Hbf,157629,107343,48.992954,8.40161,
Karlsruhe Hbf,157629,146480,48.99385,8.401009,
Karlsruhe Hbf,157629,147143,48.993675,8.401116,
Karlsruhe Hbf,157629,163417,48.993515,8.402181,
Karlsruhe Hbf,157629,211733,48.993473,8.401179,
Karlsruhe Hbf,157629,215836,48.99313,8.401503,
Karlsruhe Hbf,157629,272274,48.99302,8.401575,
Karlsruhe Hbf,157629,312818,48.99321,8.401458,
Karlsruhe Hbf,157629,380645,48.993732,8.401071,
Karlsruhe Hbf,157629,478447,48.99332,8.401422,
Karlsruhe Hbf,157629,518508,48.992847,8.401682,
Karlsruhe Hbf,157629,584669,48.993355,8.401269,
Karlsruhe Hbf,157629,641825,48.993557,8.401179,
Karlsruhe-Durlach,,431887,49.00225,8.462759,1
Karlsruhe-Durlach,431887,104190,49.002327,8.462822,
Karlsruhe-Durlach,431887,27140,49.002167,8.462489,
Karlsruhe-Durlach,431887,307277,49.00207,8.462597,
Karlsruhe-Durlach,431887,330774,49.002155,8.462328,
Kassel Bahnhof Wilhelmshöhe,,674984,51.31313,9.44705,1
Kassel-Wilhelmshöhe,674984,54931,51.312435,9.448181,
Katowice,,185378,50.257515,19.017164,1
Katowice,185378,134090,50.257515,19.017164,
Kaufbeuren,,466480,47.87543,10.629495,1
"Kaufbeuren, Bahnhof",466480,643663,47.875595,10.628795,
"Kaufbeuren, Bahnhof",466480,650610,47.87554,10.628714,
Kedzierzyn Kozle,,196111,50.34436,18.204765,1
Kedzierzyn Kozle,196111,476999,50.34436,18.204765,
Kehl(Gr),,469172,48.575645,7.801118,1
Kehl(Gr),469172,520653,48.575645,7.801118,
Keitum,,2861,54.888996,8.368841,1
Keitum,2861,523196,54.888973,8.368772,
Kempten (Allgäu) Hbf,,306940,47.711746,10.317618,1
Kempten(Allgäu)Hbf,306940,600309,47.7118,10.317645,
Kiel Hauptbahnhof,,451724,54.315582,10.131145,1
Kirchberg in Tirol,,379850,47.448917,12.309101,1
Kirchberg in Tirol,379850,298849,47.448917,12.309101,
Kitzbühel,,471695,47.45411,12.391045,1
Kitzbühel,471695,452479,47.45411,12.391045,
Kitzbühel Hahnenkamm,,458137,47.44339,12.389856,1
Kitzbühel Hahnenkamm,458137,503862,47.44339,12.389856,
Klanxbüll,,420727,54.86234,8.675999,1
Klanxbüll,420727,534115,54.862103,8.676329,
Koblenz Hauptbahnhof,,326170,50.350925,7.588339,1
Koblenz Hauptbahnhof,326170,435009,50.350533,7.590459,
Koblenz Hauptbahnhof,326170,571395,50.35007,7.590414,
Koblenz Hbf,326170,298531,50.35093,7.588345,
Koebenhavn H,,574564,55.67272,12.564617,1
Koebenhavn H,574564,104322,55.67272,12.564617,
Kolding st,,215030,55.49084,9.481528,1
Kolding st,215030,323406,55.49084,9.481528,
Kolin(CZ),,523151,50.025436,15.214279,1
Kolin(CZ),523151,311342,50.025436,15.214279,
Konin,,370071,52.231396,18.253336,1
Konin,370071,375043,52.231396,18.253336,
Konstanz,261547,117266,47.658836,9.177414,
Konstanz,261547,365096,47.658752,9.177312,
Konstanz Bahnhof,,261547,47.658794,9.17727,1
Krakow Glowny,,608473,50.067196,19.947426,1
Krakow Glowny,608473,536054,50.067196,19.947426,
Krakow Plaszow,,6779,50.03509,19.974894,1
Krakow Plaszow,6779,641928,50.03509,19.974894,
Krefeld Hbf,,522647,51.325623,6.568194,1
Krefeld Hbf,522647,171648,51.32541,6.569613,
Krefeld Hbf,522647,424192,51.325672,6.569398,
Kreuztal,534585,128067,50.95596,7.991961,
Kreuztal,534585,348058,50.955246,7.992805,
Kreuztal Bf,,534585,50.956024,7.991691,1
Kronach,,457719,50.23961,11.320111,1
Kronach,457719,441889,50.239956,11.320291,
Kronach,457719,571597,50.239956,11.320165,
Krsko,,98329,45.95624,15.493454,1
Krsko,98329,11000,45.95624,15.493454,
Kufstein,,332224,47.58308,12.16555,1
Kufstein,332224,168898,47.58308,12.16555,
Kutno,,552925,52.226963,19.348616,1
Kutno,552925,318555,52.226963,19.348616,
Kuty,,598097,48.661892,17.047695,1
Kuty,598097,302551,48.661892,17.047695,
Kuty(Gr),,65062,48.71108,17.000406,1
Kuty(Gr),65062,539937,48.71108,17.000406,
Köln Hbf,,561398,50.94303,6.958727,1
Köln Hbf,561398,149092,50.943134,6.95809,
Köln Hbf,561398,169493,50.943497,6.958943,
Köln Hbf,561398,230292,50.943333,6.958566,
Köln Hbf,561398,373031,50.94303,6.958729,
Köln Hbf,561398,399812,50.943436,6.958808,
Köln Hbf,561398,406669,50.9434,6.958719,
Köln Hbf,561398,410976,50.94323,6.958332,
Köln Hbf,561398,565816,50.9433,6.958485,
Köln Hbf,561398,670656,50.943195,6.958251,
Köln Messe/Deutz,206506,502077,50.940872,6.975001,
Köln Messe/Deutz,206506,75167,50.940674,6.975858,
Köln Messe/Deutz,206506,94964,50.940876,6.975921,
Köln Messe/Deutz Bf,,206506,50.940876,6.974996,1
Köln Messe/Deutz Gl.11-12,206506,13148,50.941723,6.974067,
Köln Messe/Deutz Gl.11-12,206506,264867,50.9416,6.973954,
Köln Messe/Deutz Gl.11-12,206506,568892,50.941566,6.973855,
Köln Süd,390103,498975,50.927402,6.937276,
Köln Süd Bf,,390103,50.9273,6.938048,1
Köln/Bonn Flughafen,594296,50466,50.879063,7.11958,
Köln/Bonn Flughafen,594296,592109,50.879154,7.119158,
Königs Wusterhausen,14149,245072,52.29666,13.63135,
Köthen,,656730,51.75193,11.989358,1
Köthen,656730,24380,51.75193,11.989358,
Lahr(Schwarzw),,641121,48.340958,7.835572,1
Lahr(Schwarzw),641121,496318,48.340958,7.835572,
Lancut,,95709,50.08143,22.227507,1
Lancut,95709,171613,50.08143,22.227507,
Landeck-Zams,,625898,47.148243,10.578392,1
Landeck-Zams,625898,655524,47.148243,10.578392,
Landquart,,500696,46.96744,9.554045,1
Landquart,500696,441389,46.96744,9.554045,
Landshut (Bay) Hbf,,188260,48.54749,12.135925,1
Landshut(Bay)Hbf,188260,57017,48.547493,12.13593,
Landstuhl,329302,176758,49.416283,7.56624,
"Landstuhl, Bahnhof",,329302,49.416332,7.566159,1
Langen am Arlberg,,604539,47.13172,10.120375,1
Langen am Arlberg,604539,613180,47.13172,10.120375,
Langenhagen Bahnhof Mitte,,324834,52.44028,9.726024,1
Langenhagen Mitte,324834,108991,52.440155,9.725539,
Langenhagen Mitte,324834,221823,52.440178,9.725413,
Leer(Ostfriesl),,278415,53.23141,7.465229,1
Leer(Ostfriesl),278415,80781,53.231438,7.46537,
Legnica,,636877,51.21385,16.168922,1
Legnica,636877,352850,51.21385,16.168922,
Leipzig Hbf,,109349,51.34547,12.382064,1
Leipzig Hbf,109349,136985,51.34547,12.382064,
Leipzig/Halle Flughafen,,399816,51.42334,12.223426,1
Leipzig/Halle Flughafen,399816,439713,51.42334,12.223426,
Lennestadt-Altenhundem,224992,214052,51.103645,8.071282,
Lennestadt-Altenhundem Bf,,224992,51.10413,8.071516,1
Lennestadt-Grevenbrück,103148,230985,51.14155,8.018138,
Lennestadt-Grevenbrück,103148,242090,51.141613,8.018227,
Lennestadt-Grevenbrück Bf,,103148,51.141777,8.017976,1
Leoben Hbf,,566413,47.386604,15.089603,1
Leoben Hbf,566413,56710,47.386604,15.089603,
Letmathe,460391,524862,51.362705,7.618091,
Letmathe,460391,574207,51.362785,7.61801,
Lichtenfels,,105575,50.146454,11.059474,1
Lichtenfels Bahnhof,105575,203328,50.146103,11.06039,
Lichtenfels Bahnhof,105575,374311,50.14574,11.05995,
Liestal,,109133,47.484375,7.731353,1
Liestal,109133,382099,47.484375,7.731353,
Liezen,,138784,47.56271,14.241886,1
Liezen,138784,231469,47.56271,14.241886,
Limburg (Lahn) Süd (ICE),,438159,50.38191,8.095532,1
Limburg Süd,438159,359830,50.382423,8.09593,
Limburg Süd,438159,405890,50.3819,8.095546,
Lindau-Reutin,,218708,47.552383,9.703287,1
Lindau-Reutin,218708,639646,47.552383,9.703292,
Lingen(Ems),645209,41341,52.519867,7.321731,
"Lingen, Bahnhof",,645209,52.51964,7.32127,1
Linz Hbf,,82200,48.29018,14.292131,1
Linz Hbf,82200,182707,48.29018,14.292131,
Lippstadt,248128,220990,51.67069,8.348785,
Lippstadt,248128,32618,51.67074,8.349113,
Lippstadt,248128,581884,51.670666,8.348161,
"Lippstadt, Bustreff Bahnhof",,248128,51.67069,8.348781,1
Liège-Guillemins,,536774,50.62436,5.566483,1
Liège-Guillemins,536774,297020,50.62436,5.566483,
Lubin Gorniczy,,567000,51.39612,16.193586,1
Lubin Gorniczy,567000,220608,51.39612,16.193586,
Ludwigsburg,,190233,48.892082,9.185229,1
Ludwigsburg,190233,505217,48.892147,9.185409,
Ludwigsfelde,269081,309946,52.298466,13.267343,
"Ludwigsfelde, Bahnhof",,269081,52.29921,13.267601,1
Ludwigshafen(Rh)Hbf,436425,258187,49.47522,8.432333,
"Ludwigshafen, Hauptbahnhof",,436425,49.476994,8.433321,1
Ludwigslust,578574,184938,53.335007,11.494151,
Ludwigslust,578574,459653,53.334885,11.49398,
Ludwigslust,578574,474272,53.335045,11.494205,
Ludwigslust Bahnhof,,578574,53.334454,11.494384,1
Ludwigsstadt,,168379,50.486584,11.382993,1
Ludwigsstadt Bahnhof,168379,156759,50.48694,11.383083,
Lunderskov st,,23159,55.48012,9.303791,1
Lunderskov st,23159,351616,55.48012,9.303791,
Lutherstadt Wittenberg Hbf,,221366,51.86781,12.662285,1
Lutherstadt Wittenberg Hbf,221366,344535,51.86781,12.662285,
Lübben(Spreewald),110017,271316,51.93978,13.877006,
Lübben(Spreewald),110017,586253,51.939842,13.877132,
"Lübben, Bahnhof",,110017,51.939842,13.877383,1
Lübbenau(Spreewald),633872,662056,51.862026,13.961095,
Lübbenau(Spreewald),633872,670457,51.862095,13.961176,
"Lübbenau, Bahnhof",,633872,51.862114,13.962173,1
Lübeck Hbf,,268359,53.867214,10.668884,1
Lübeck Hbf,268359,633387,53.8676,10.668868,
Lüneburg,,550848,53.249966,10.419999,1
Lüneburg,550848,156,53.249535,10.419739,
Lüneburg,550848,510171,53.24953,10.419999,
MG Hbf /Europaplatz,,8683,51.196583,6.446113,1
MG Rheydt Hbf,,600362,51.163162,6.441055,1
Maasbüll(b Niebüll),,419948,54.754414,8.812732,1
Maasbüll(b Niebüll),419948,538465,54.754414,8.812732,
Magdeburg Hbf,,187483,52.130512,11.626963,1
Magdeburg Hbf,187483,403363,52.130512,11.626963,
Mainz Hbf,216455,355986,50.001118,8.25872,
"Mainz, Hauptbahnhof",,216455,50.00145,8.258419,1
Mannheim Hbf,542439,110699,49.47901,8.469757,
Mannheim Hbf,542439,124759,49.479134,8.4699,
Mannheim Hbf,542439,13857,49.478836,8.469559,
Mannheim Hbf,542439,248337,49.47928,8.47008,
Mannheim Hbf,542439,407914,49.479076,8.46982,
Mannheim Hbf,542439,496077,49.479355,8.468921,
Mannheim Hbf,542439,64202,49.47923,8.470026,
"Mannheim, Hauptbahnhof",,542439,49.479748,8.469936,1
Marburg Hauptbahnhof,,500378,50.819263,8.774011,1
Marburg(Lahn),500378,566515,50.81922,8.775031,
Marburg(Lahn),500378,656996,50.819256,8.77516,
Maribor,,38975,46.562065,15.658011,1
Maribor,38975,349678,46.562065,15.658011,
Marienhafe,225164,74843,53.519238,7.27436,
Marienhafe Bahnhof,,225164,53.519897,7.273198,1
Memmingen,,306502,47.985584,10.18685,1
"Memmingen, Bahnhof ZOB",306502,150372,47.985085,10.186419,
"Memmingen, Bahnhof ZOB",306502,332582,47.984997,10.186392,
Meppen,516166,517394,52.696022,7.298015,
"Meppen, Bahnhof",,516166,52.69565,7.298111,1
Metzingen Bahnhof,,16707,48.539753,9.29008,1
Metzingen(Württ),16707,324307,48.54001,9.290044,
Metzingen(Württ),16707,47460,48.539318,9.290089,
Metzingen(Württ),16707,52020,48.539726,9.290156,
Miechow,,42594,50.35442,20.011295,1
Miechow,42594,595285,50.35442,20.011295,
Minden(Westf),211099,297937,52.29061,8.934859,
Minden(Westf),211099,379750,52.290375,8.934042,
Minden(Westf),211099,432818,52.290154,8.934859,
"Minden, Bahnhof",,211099,52.29014,8.934734,1
Mittenwald,,333729,47.44003,11.265709,1
Mittenwald,333729,185176,47.440125,11.26517,
Mittenwald,333729,39485,47.440243,11.265224,
Mittenwald,333729,585414,47.440277,11.265089,
Mittenwald (Gr),,641990,47.39807,11.267443,1
Mittenwald(Gr),641990,156999,47.39807,11.267441,
Montabaur,387168,248985,50.444836,7.825333,
Montabaur Bf,,387168,50.44483,7.825323,1
Mosonmagyarovar,,400835,47.850357,17.266424,1
Mosonmagyarovar,400835,479508,47.850357,17.266424,
Murnau,,582060,47.682266,11.192631,1
Murnau,582060,34384,47.682854,11.193053,
Murnau,582060,669923,47.68262,11.192559,
Mönchengladbach Hbf,8683,162744,51.19659,6.44623,
Mönchengladbach Hbf,8683,239136,51.196808,6.44578,
Mönchengladbach Hbf,8683,347462,51.196697,6.446014,
Mönchengladbach Hbf,8683,604755,51.19677,6.445852,
Mühlacker,665383,580204,48.95299,8.846079,
Mühlacker Bahnhof,,665383,48.95299,8.846079,1
Mülheim Hauptbahnhof,,287512,51.430553,6.886431,1
Mülheim(Ruhr)Hbf,287512,135899,51.43114,6.886665,
Mülheim(Ruhr)Hbf,287512,216416,51.431454,6.88679,
Müllheim (Baden) Bahnhof,,508077,47.809597,7.599487,1
Müllheim im Markgräflerland,508077,504318,47.809742,7.599332,
München Hbf,,444647,48.14029,11.559602,1
München Hbf,444647,114513,48.1405,11.55759,
München Hbf,444647,115037,48.1399,11.553772,
München Hbf,444647,141298,48.140385,11.557572,
München Hbf,444647,141515,48.141293,11.556161,
München Hbf,444647,163884,48.14065,11.557617,
München Hbf,444647,181893,48.13994,11.557491,
München Hbf,444647,252599,48.13988,11.557491,
München Hbf,444647,281691,48.140026,11.557518,
München Hbf,444647,299364,48.139828,11.553727,
München Hbf,444647,330772,48.140812,11.557644,
München Hbf,444647,333250,48.14008,11.557518,
München Hbf,444647,387218,48.140705,11.557617,
München Hbf,444647,396877,48.141212,11.556161,
München Hbf,444647,400697,48.140553,11.557608,
München Hbf,444647,414351,48.14033,11.557572,
München Hbf,444647,436503,48.14134,11.556179,
München Hbf,444647,453053,48.14016,11.553898,
München Hbf,444647,472150,48.141537,11.556224,
München Hbf,444647,52007,48.14097,11.557671,
München Hbf,444647,529209,48.140182,11.557527,
München Hbf,444647,529257,48.14086,11.557662,
München Hbf,444647,537690,48.140232,11.558335,
München Hbf,444647,559253,48.140236,11.557545,
München Hbf,444647,598331,48.139954,11.553799,
München Hbf,444647,630234,48.14141,11.556206,
München Hbf,444647,89088,48.140034,11.553826,
München Hbf Gl.27-36,444647,466780,48.14153,11.556708,
München Hbf Gl.5-10,444647,553996,48.13993,11.554814,
München Ost,128337,132035,48.12744,11.604971,
München Ost,128337,660513,48.127304,11.605533,
München-Pasing,114553,301660,48.149853,11.461872,
Münster Hauptbahnhof,,659897,51.9567,7.63444,1
Münster(Westf)Hbf,659897,163479,51.95698,7.635743,
Münster(Westf)Hbf,659897,235088,51.956894,7.636452,
Münster(Westf)Hbf,659897,308651,51.95702,7.635446,
Münster(Westf)Hbf,659897,384533,51.95694,7.636075,
Münster(Westf)Hbf,659897,530502,51.956566,7.635715,
Münster(Westf)Hbf,659897,91298,51.95697,7.635815,
Mürzzuschlag,,59851,47.60795,15.677393,1
Mürzzuschlag,59851,540647,47.60795,15.677393,
Nagymaros-Visegrad,,553777,47.790894,18.9588,1
Nagymaros-Visegrad,553777,308904,47.790894,18.9588,
Naumburg(Saale)Hbf,,496437,51.16307,11.796984,1
Naumburg(Saale)Hbf,496437,128926,51.16307,11.796984,
Neu-Ulm,90282,502355,48.39352,10.005831,
Neu-Ulm Bahnhof,,90282,48.39346,10.004789,1
Neumarkt am Wallersee,,12406,47.95532,13.225574,1
Neumarkt am Wallersee,12406,209643,47.95532,13.225574,
Neumünster,,495157,54.07566,9.979757,1
Neumünster,495157,464498,54.075672,9.979839,
Neuss Hauptbahnhof,,502642,51.203526,6.683106,1
Neuss Hbf,502642,210332,51.205223,6.684885,
Neustadt(Weinstr)Hbf,9590,667884,49.34955,8.141557,
"Neustadt, Hauptbahnhof",,9590,49.35004,8.139985,1
"Neustadt, Hauptbahnhof",9590,497918,49.349648,8.141584,
Neustrelitz Hauptbahnhof,,32608,53.359474,13.07435,1
Neustrelitz Hbf,32608,589194,53.359257,13.074603,
Neustrelitz Hbf,32608,86181,53.359283,13.074503,
Neuwied,147943,218706,50.43133,7.473417,
Neuwied,147943,257943,50.431454,7.473444,
Neuwied Bf,,147943,50.431465,7.473121,1
Niebüll,,384531,54.78956,8.834768,1
Niebüll,384531,338207,54.78953,8.834595,
Niebüll neg,,511920,54.78955,8.832959,1
Niebüll neg,511920,222552,54.78955,8.832959,
Nienburg(Weser),,190953,52.645344,9.217862,1
Nienburg(Weser),190953,38250,52.645363,9.2179,
Norddeich,543539,407921,53.62158,7.160824,
Norddeich Mole,56779,597839,53.62432,7.158739,
Norddeich(Norden),,543539,53.62152,7.160884,1
Norddeich(Norden) Mole,,56779,53.62432,7.158739,1
Norden,427827,188031,53.588104,7.219352,
Norden(Ostfriesl),,427827,53.588013,7.219321,1
Nove Zamky,,241465,47.995003,18.173956,1
Nove Zamky,241465,553691,47.995003,18.173956,
Nürnberg Hbf,,283324,49.445614,11.082992,1
Nürnberg Hbf,283324,106075,49.44516,11.082417,
Nürnberg Hbf,283324,122276,49.445267,11.082363,
Nürnberg Hbf,283324,259124,49.44541,11.082291,
Nürnberg Hbf,283324,382504,49.445644,11.082165,
Nürnberg Hbf,283324,400022,49.445545,11.082228,
Nürnberg Hbf,283324,537319,49.445053,11.08248,
Nürnberg Hbf,283324,645683,49.44475,11.082632,
Nürnberg Hbf,283324,68120,49.44801,11.082327,
Nürnberg Hbf,283324,84086,49.444798,11.082623,
Nürtingen,,71819,48.62813,9.342721,1
Nürtingen,71819,38077,48.628136,9.342677,
Nürtingen,71819,453700,48.628147,9.342748,
Oberhausen Hbf,,385150,51.474,6.853346,1
Oberhausen Hbf,385150,158350,51.474346,6.851693,
Oberhausen Hbf,385150,177577,51.474552,6.851244,
Oberhausen Hbf,385150,234242,51.474583,6.851163,
Oberhausen Hbf,385150,317675,51.474285,6.851846,
Oberhausen Hbf,385150,5431,51.474415,6.851567,
Oberndorf (Neckar) Bahnhof,,589542,48.29559,8.575291,1
Oberndorf(Neckar),589542,298887,48.295506,8.575614,
Oberndorf(Neckar),589542,566537,48.2955,8.575479,
Oberstdorf,,581432,47.411034,10.278092,1
Oberstdorf,581432,123753,47.411446,10.278416,
Oberstdorf Busbahnhof,581432,582240,47.41078,10.277203,
Odense st,,35333,55.401775,10.386005,1
Odense st,35333,512749,55.401775,10.386005,
Offenburg,54779,217210,48.476475,7.946723,
Offenburg Bahnhof,,54779,48.476387,7.946587,1
Oldenburg(Oldb)Hbf,475437,455690,53.14432,8.222713,
"Oldenburg, Hauptbahnhof",,475437,53.144222,8.222684,1
Olten,,197057,47.351936,7.9077,1
Olten,197057,628614,47.351936,7.9077,
Opoczno Poludnie,,545689,51.358517,20.231709,1
Opoczno Poludnie,545689,225320,51.358517,20.231709,
Opole Glowne,,157520,50.661514,17.925863,1
Opole Glowne,157520,488705,50.661514,17.925863,
Oranienburg,646181,332072,52.75408,13.249215,
Oranienburg,646181,352653,52.754093,13.249336,
Osnabrück Hbf,,265424,52.27313,8.060825,1
Osnabrück Hbf,265424,166213,52.272697,8.061522,
Osnabrück Hbf,265424,292943,52.27351,8.059799,
Osnabrück Hbf,265424,500351,52.272747,8.061333,
Osnabrück Hbf,265424,660417,52.273598,8.059918,
Osnabrück Hbf,265424,86109,52.27285,8.061781,
Ostbahnhof,,128337,48.12815,11.604545,1
Ostbahnhof,128337,199558,48.128296,11.604329,
Ostrava hl.n.,,196805,49.852085,18.267262,1
Ostrava hl.n.,196805,667155,49.852085,18.267262,
Ostseebad Binz,408427,368056,54.4056,13.599694,
Ostseebad Binz,408427,5195,54.405552,13.599532,
Ostseebad Binz,408427,562235,54.40565,13.599874,
Oswiecim,,629385,50.041504,19.199724,1
Oswiecim,629385,264009,50.041504,19.199724,
Padborg st,,293874,54.82425,9.358803,1
Padborg st,293874,88713,54.82425,9.358803,
Paderborn Hbf,,22006,51.71298,8.740509,1
Paderborn Hbf,22006,126754,51.712894,8.740338,
Paderborn Hbf,22006,184693,51.71298,8.740505,
Padova,,519504,45.417824,11.88062,1
Padova,519504,564930,45.417824,11.88062,
Papenburg(Ems),32271,571372,53.089706,7.386708,
"Papenburg, Bahnhof",,32271,53.090424,7.388122,1
Pardubice hl.n.,,283259,50.03174,15.756211,1
Pardubice hl.n.,283259,644562,50.03174,15.756211,
Paris Est,,661070,48.876976,2.35912,1
Paris Est,661070,276083,48.876976,2.35912,
Pasing,,114553,48.149143,11.460697,1
Pasing,114553,465279,48.14933,11.458901,
Pasing,114553,55234,48.149197,11.459296,
Passau Hbf,,219418,48.57363,13.45078,1
Passau Hbf,219418,413589,48.57363,13.450776,
"Passau, Hbf",219418,443993,48.574352,13.452756,
"Passau, Hbf",219418,479997,48.574203,13.451643,
Peine,413095,370810,52.31896,10.232197,
Peine,413095,528158,52.318916,10.231892,
"Peine, Bahnhof",,413095,52.318928,10.232422,1
Pforzheim Hauptbahnhof,,369833,48.89365,8.703453,1
Pforzheim Hbf,369833,412240,48.89414,8.702699,
Pforzheim Hbf,369833,496764,48.89421,8.702699,
Plattling,,448285,48.77962,12.863938,1
"Plattling, Bahnhof",448285,197368,48.778976,12.864647,
"Plattling, Bahnhof",448285,521243,48.778957,12.864414,
"Plett., Bahnhof",,57834,51.231934,7.86891,1
Plettenberg,57834,106342,51.231853,7.869044,
Plettenberg,57834,95140,51.23197,7.868424,
Plochingen,,142878,48.71294,9.411299,1
Plochingen,142878,233187,48.71308,9.41081,
Plochingen,142878,355212,48.71296,9.411353,
Potsdam Hbf,533612,358362,52.391582,13.06674,
Potsdam Hbf,533612,378418,52.391422,13.066721,
Potsdam Hbf,533612,405850,52.391666,13.066749,
Poznan Glowny,,220254,52.401993,16.91087,1
Poznan Glowny,220254,29924,52.401993,16.91087,
Pragersko,,38016,46.39538,15.662046,1
Pragersko,38016,7801,46.39538,15.662046,
Praha hl.n.,,238719,50.08306,14.436039,1
Praha hl.n.,238719,114804,50.08306,14.436039,
Praha-Holesovice,,460,50.110214,14.440013,1
Praha-Holesovice,460,302139,50.110214,14.440013,
Prien Prien Bahnhof,471627,457468,47.85454,12.346697,
Prien am Chiemsee,,471627,47.8547,12.34685,1
Prien am Chiemsee,471627,602966,47.854458,12.346733,
Przemysl Glowny,,272458,49.78366,22.776363,1
Przemysl Glowny,272458,331999,49.78366,22.776363,
Przemysl Zasanie,,209262,49.79363,22.774115,1
Przemysl Zasanie,209262,247548,49.79363,22.774115,
Przeworsk,,261541,50.067215,22.503357,1
Przeworsk,261541,520463,50.067215,22.503357,
RV Bahnhof,,319749,47.784554,9.606673,1
Radolfzell,128635,165060,47.735676,8.969058,
Radolfzell,128635,50261,47.735714,8.969103,
Radolfzell Bahnhof,,128635,47.735924,8.969031,1
Radstadt,,520041,47.38424,13.467809,1
Radstadt,520041,82764,47.38424,13.467809,
Rankweil,,188456,47.273018,9.637252,1
Rankweil,188456,577353,47.273018,9.637252,
Ravensburg,319749,379341,47.784374,9.606126,
Ravensburg,319749,603808,47.78441,9.605964,
Recklinghausen Hbf,,129125,51.61598,7.201371,1
Recklinghausen Hbf,129125,15180,51.61667,7.203509,
Recklinghausen Hbf,129125,554866,51.61636,7.20349,
Regensburg Hbf,,468037,49.01167,12.099624,1
Regensburg Hbf,468037,129944,49.012466,12.100397,
Regensburg Hbf,468037,669441,49.012447,12.097702,
Remagen,395437,128443,50.577003,7.23027,
Remagen Bf,,395437,50.57721,7.229767,1
Rendsburg,,471650,54.302097,9.671307,1
Rendsburg,471650,658617,54.302155,9.671009,
Reutlingen Hauptbahnhof,,349977,48.49643,9.20951,1
Reutlingen Hbf,349977,261506,48.496216,9.20934,
Reutlingen Hbf,349977,610537,48.49608,9.209116,
Reutlingen Hbf,349977,93012,48.49659,9.209771,
Rheine,26899,43368,52.27575,7.434754,
Rheine,26899,666059,52.275906,7.435158,
Rheine,26899,99025,52.275837,7.434987,
"Rheine, Bahnhof",,26899,52.2763,7.43426,1
Rheinfelden(CH),,558679,47.551136,7.792434,1
Rheinfelden(CH),558679,380144,47.551136,7.792434,
Rheydt Hbf,600362,330038,51.162872,6.439879,
Rheydt Hbf,600362,374541,51.162872,6.439456,
Ribnitz-Damgarten West,,231391,54.23918,12.436968,1
Ribnitz-Damgarten West,231391,35482,54.239178,12.436965,
Ribnitz-Damgarten West,231391,404217,54.239265,12.437355,
Ribnitz-Damgarten West,231391,511245,54.2392,12.437373,
Riesa,30782,475908,51.309734,13.288329,
Riesa,30782,515101,51.30983,13.288293,
Riesa,30782,71528,51.309536,13.287395,
Riesa Busbf/Bahnhof,,30782,51.3094,13.288383,1
Ringsheim/Europa-Park,,618522,48.248672,7.773023,1
Ringsheim/Europa-Park,618522,647300,48.248688,7.772987,
Ringsted st,,241474,55.438038,11.786155,1
Ringsted st,241474,447170,55.438038,11.786155,
Roedekro st,,212279,55.069687,9.332754,1
Roedekro st,212279,327054,55.069687,9.332754,
Rosenheim,,457263,47.851257,12.118983,1
Rosenheim,457263,111329,47.850994,12.118372,
Rosenheim,457263,153682,47.851257,12.11795,
Rosenheim,457263,24646,47.851078,12.118103,
Rosenheim,457263,366986,47.851177,12.117824,
Rosenheim,457263,388364,47.85108,12.118516,
Rostock Hauptbahnhof,,180878,54.07818,12.130724,1
Rostock Hbf,180878,219241,54.078262,12.131398,
Rostock Hbf,180878,344633,54.078247,12.131079,
Rostock Hbf,180878,365568,54.077587,12.132206,
Rostock Hbf,180878,51971,54.078526,12.1304,
Rostock Hbf,180878,6188,54.07861,12.130176,
Rostock Hbf,180878,661716,54.078552,12.130059,
Rottweil,173550,40480,48.16566,8.639871,
Rottweil,173550,504782,48.165527,8.63988,
Rottweil Bahnhof,,173550,48.165253,8.640661,1
Rovereto,,155186,45.891174,11.034067,1
Rovereto,155186,337467,45.89096,11.033601,
Rudolstadt (Thüringen),,83136,50.718,11.339156,1
Rudolstadt(Thür),83136,73284,50.71793,11.338899,
Rzepin,,94820,52.350224,14.815073,1
Rzepin,94820,228438,52.350224,14.815073,
Rzeszow Glowny,,582248,50.043114,22.006798,1
Rzeszow Glowny,582248,127884,50.043114,22.006798,
S Charlottenburg Bhf (Berlin),,557609,52.50473,13.303862,1
S Königs Wusterhausen Bhf,,14149,52.296963,13.631305,1
S Königs Wusterhausen Bhf,14149,450855,52.296642,13.631479,
S Oranienburg Bhf,,646181,52.754486,13.248311,1
S Ostbahnhof (Berlin),,120889,52.51033,13.435086,1
S Ostkreuz Bhf (Berlin),,127767,52.503113,13.469221,1
S Potsdam Hauptbahnhof,,533612,52.391445,13.067157,1
S Schönefeld (bei Berlin) Bhf,,568122,52.390907,13.513046,1
S Spandau Bhf (Berlin),,482360,52.534798,13.197477,1
S Südkreuz Bhf (Berlin),,156352,52.475502,13.365552,1
S Wannsee Bhf (Berlin),,14762,52.421726,13.178932,1
S+U Berlin Hauptbahnhof,,527635,52.525604,13.369075,1
S+U Gesundbrunnen Bhf (Berlin),,71608,52.548637,13.388372,1
S+U Lichtenberg Bhf (Berlin),,160706,52.510674,13.498359,1
S+U Zoologischer Garten Bhf (Berlin),,370785,52.50692,13.332707,1
Saalfeld (Saale),,348798,50.65049,11.374546,1
Saalfeld(Saale),348798,625467,50.650272,11.374583,
Saalfelden,,418401,47.426857,12.829765,1
Saalfelden,418401,282603,47.426857,12.829765,
Saarbrücken Hbf,,445628,49.24107,6.99102,1
Saarbrücken Hbf,445628,212679,49.241283,6.991011,
Saarbrücken Hbf,445628,237538,49.241085,6.990951,
Saarbrücken Hbf,445628,320979,49.24148,6.991045,
Saarbrücken Hbf,445628,630469,49.241337,6.991009,
Salzburg Hbf,,137522,47.81305,13.04582,1
Salzburg Hbf,137522,422115,47.81305,13.04582,
Salzburg Süd,,322698,47.770226,13.078491,1
Salzburg Süd,322698,398408,47.770226,13.078491,
Salzwedel,,305578,52.858112,11.162035,1
Salzwedel,305578,16596,52.858112,11.162035,
Sargans,,134373,47.044823,9.44626,1
Sargans,134373,520175,47.044823,9.44626,
Schaffhausen,,278905,47.69828,8.632756,1
Schaffhausen,278905,470800,47.69828,8.632756,
Schladming,,263120,47.393826,13.678151,1
Schladming,263120,647659,47.393826,13.678151,
Schleswig,,129222,54.499516,9.538149,1
Schleswig,129222,403542,54.49946,9.53814,
Schorndorf,,630825,48.80694,9.52569,1
Schorndorf,630825,214907,48.80708,9.52578,
Schorndorf,630825,268568,48.80715,9.52631,
Schorndorf,630825,88169,48.806984,9.525861,
Schwarzach-St.Veit,,453128,47.318535,13.154464,1
Schwarzach-St.Veit,453128,42239,47.318535,13.154464,
Schwerin Hauptbahnhof,,95123,53.6347,11.407499,1
Schwerin Hbf,95123,439895,53.63563,11.407544,
Schwerin Hbf,95123,632400,53.635628,11.407445,
Schwäbisch Gmünd,366138,128291,48.801086,9.788097,
Schwäbisch Gmünd,366138,361744,48.80097,9.787504,
Schärding,,466644,48.46372,13.442511,1
Schärding,466644,416206,48.46372,13.442511,
Schöna(Gr),,517336,50.860054,14.222133,1
Schöna(Gr),517336,672836,50.860054,14.222133,
Schönefeld(bei Berlin),568122,440622,52.39115,13.512816,
Seefeld in Tirol,,676320,47.32873,11.189483,1
Seefeld in Tirol,676320,25965,47.32873,11.189483,
Selzthal,,187460,47.550243,14.312841,1
Selzthal,187460,400798,47.550243,14.312841,
Semmering,,233110,47.639553,15.830923,1
Semmering,233110,273300,47.639553,15.830923,
Sevnica,,518873,46.009678,15.301231,1
Sevnica,518873,546854,46.009678,15.301231,
Siegburg Bf,,51117,50.793907,7.203024,1
Siegburg/Bonn,51117,227336,50.79388,7.202485,
Siegburg/Bonn,51117,396906,50.79396,7.20262,
Siegen Hbf,,579183,50.87594,8.016512,1
Siegen Hbf,579183,328597,50.876408,8.017311,
Siegen Hbf,579183,602502,50.876507,8.01715,
Siegen-Weidenau,654814,301000,50.895786,8.02978,
Siegen-Weidenau,654814,80577,50.8958,8.029959,
Siegen-Weidenau Bf,,654814,50.895966,8.029843,1
Singen (Htw) Bahnhof,,149206,47.75903,8.841408,1
Singen(Hohentwiel),149206,279673,47.7586,8.840231,
Singen(Hohentwiel),149206,286544,47.75892,8.841381,
Singen(Hohentwiel),149206,36766,47.75903,8.841219,
Singen(Hohentwiel),149206,413375,47.75876,8.841471,
Skawina,,187413,49.977108,19.821957,1
Skawina,187413,297487,49.977108,19.821957,
Soest,338547,531165,51.57819,8.105337,
Soest,338547,597184,51.5783,8.105409,
"Soest, Bahnhof",,338547,51.57842,8.104592,1
Solingen Hbf,,392189,51.16073,7.003688,1
Solingen Hbf,392189,227990,51.161083,7.004119,
Solingen Hbf,392189,597800,51.160767,7.004187,
Solingen Hbf,392189,74445,51.161087,7.003985,
Sonthofen,,522114,47.51324,10.272343,1
Sonthofen,522114,608729,47.513405,10.272181,
Sopot,,97773,54.440166,18.562323,1
Sopot,97773,145580,54.440166,18.562323,
Spaichingen,415696,251051,48.068996,8.741704,
Spaichingen,415696,99284,48.068832,8.741704,
Spaichingen Bahnhof,,415696,48.06909,8.74094,1
Spiez,,275710,46.686398,7.680103,1
Spiez,275710,453030,46.686398,7.680103,
St Georgen(Schwarzw),38469,568214,48.123955,8.342187,
St Georgen(Schwarzw),38469,91103,48.123898,8.342187,
St. Anton am Arlberg,,146280,47.127563,10.26699,1
St. Anton am Arlberg,146280,650673,47.127563,10.26699,
St. Gallen(CH),,76524,47.42318,9.369897,1
St. Gallen(CH),76524,477729,47.42318,9.369897,
St. Georgen (Schwarzw) Bahnhof,,38469,48.123844,8.342133,1
St. Johann im Pongau,,626967,47.348377,13.194961,1
St. Johann im Pongau,626967,48622,47.348377,13.194961,
St. Johann in Tirol,,659145,47.51962,12.430775,1
St. Johann in Tirol,659145,190366,47.51962,12.430775,
St. Margrethen SG,,88283,47.453217,9.638262,1
St. Margrethen SG,88283,264381,47.453217,9.638262,
St. Valentin,,414321,48.179146,14.521846,1
St. Valentin,414321,494697,48.179146,14.521846,
St.Michael in Obersteiermark,,35945,47.346622,15.009187,1
St.Michael in Obersteiermark,35945,589153,47.346622,15.009187,
St.Pölten Hbf,,123790,48.208275,15.624683,1
St.Pölten Hbf,123790,198228,48.208275,15.624683,
Stadt Rottenmann,,338601,47.52723,14.367174,1
Stadt Rottenmann,338601,47154,47.52723,14.367174,
Stadtroda,,122913,50.86817,11.723213,1
Stadtroda,122913,139720,50.868217,11.722792,
Stainach-Irdning,,581648,47.529194,14.106753,1
Stainach-Irdning,581648,524578,47.529194,14.106753,
Stein-Säckingen,,237163,47.541477,7.948573,1
Stein-Säckingen,237163,503629,47.541477,7.948573,
Steinach (b Rothenburg o.d.T.),,503252,49.45322,10.273538,1
Steinach(bei Rothenburg ob der Tauber),503252,287631,49.453003,10.274113,
Steinach(bei Rothenburg ob der Tauber),503252,590475,49.453743,10.273295,
Stendal Hbf,,200778,52.594723,11.854412,1
Stendal Hbf,200778,445334,52.594723,11.854412,
Stralsund Hauptbahnhof,,542440,54.309105,13.077773,1
Stralsund Hbf,542440,121114,54.308624,13.077321,
Stralsund Hbf,542440,343453,54.30801,13.078087,
Stralsund Hbf,542440,348930,54.308037,13.078177,
Stralsund Hbf,542440,355364,54.30812,13.078464,
Stralsund Hbf,542440,458240,54.308174,13.078698,
Stralsund Hbf,542440,464298,54.308075,13.078294,
Stralsund Hbf,542440,619049,54.30815,13.07859,
Strasbourg,,396180,48.58534,7.734067,1
Strasbourg,396180,131208,48.58534,7.734067,
Straubing,,432354,48.877007,12.574114,1
Straubing,432354,177055,48.876938,12.574492,
Sturovo,,286748,47.800125,18.67992,1
Sturovo,286748,79816,47.800125,18.67992,
Stuttgart Hbf,408329,341627,48.784084,9.181635,
Stuttgart Hbf,408329,369791,48.784748,9.183217,
Stuttgart-Vaihingen,179716,400747,48.72628,9.113226,
Sulz (Neckar) Bahnhof,,430362,48.367237,8.637724,1
Sulz(Neckar),430362,114423,48.367573,8.637867,
Swiebodzin,,430926,52.245144,15.53954,1
Swiebodzin,430926,50859,52.245144,15.53954,
Szob,,503357,47.821,18.862057,1
Szob,503357,344236,47.821,18.862057,
Szob(Gr),,567094,47.824898,18.844774,1
Szob(Gr),567094,660307,47.824898,18.844774,
Tarnow,,492891,50.0054,20.97418,1
Tarnow,492891,442304,50.0054,20.97418,
Tatabanya,,656205,47.58493,18.393612,1
Tatabanya,656205,102022,47.58493,18.393612,
Taulov st,,233901,55.545017,9.61571,1
Taulov st,233901,115478,55.545017,9.61571,
Tczew,,432822,54.09732,18.790155,1
Tczew,432822,602109,54.09732,18.790155,
Telfs-Pfaffenhofen,,254628,47.30071,11.078869,1
Telfs-Pfaffenhofen,254628,297143,47.30071,11.078869,
Thun,,580444,46.754692,7.629414,1
Thun,580444,244637,46.754692,7.629414,
Tinglev st,,393906,54.936172,9.258234,1
Tinglev st,393906,111815,54.936172,9.258234,
Traunstein,,307436,47.86973,12.638802,1
Traunstein,307436,527720,47.869728,12.638801,
Traunstein,307436,95606,47.868744,12.638541,
Traunstein Bahnhof,307436,464463,47.86896,12.638703,
Trento,,616456,46.07229,11.1189,1
Trento,616456,672180,46.07229,11.1189,
Treuchtlingen,,24589,48.96127,10.908162,1
Treuchtlingen,24589,398813,48.96105,10.907919,
Treuchtlingen,24589,502117,48.961014,10.908198,
Treuchtlingen,24589,615330,48.961266,10.908159,
Treuchtlingen,24589,98998,48.961037,10.907991,
Treysa,,537388,50.91066,9.185673,1
Treysa,537388,592540,50.91066,9.185673,
Troisdorf,60192,24601,50.813923,7.150892,
Troisdorf Bf,,60192,50.813915,7.150895,1
Tullnerfeld,,419422,48.295235,15.996536,1
Tullnerfeld,419422,484289,48.295235,15.996536,
Tuttlingen,310961,5833,47.980232,8.798486,
Tuttlingen,310961,662708,47.98054,8.798271,
Tuttlingen Bahnhof,,310961,47.980335,8.79942,1
Tutzing,,177918,47.9074,11.273731,1
Tutzing,177918,151650,47.90803,11.274117,
Tutzing,177918,350140,47.907097,11.272716,
Tutzing,177918,636352,47.907143,11.27289,
Tübingen Hauptbahnhof,,247685,48.516148,9.055575,1
Tübingen Hbf,247685,424181,48.515724,9.055054,
Tübingen Hbf,247685,498531,48.515465,9.054776,
Tübingen Hbf,247685,644024,48.515587,9.055108,
Uelzen,,485009,52.96979,10.553017,1
Uelzen,485009,294960,52.969837,10.55279,
Ulm Hauptbahnhof,,296823,48.399364,9.984146,1
Ulm Hbf,296823,251013,48.3994,9.982608,
Ulm Hbf,296823,464441,48.399345,9.982816,
Ulm Hbf,296823,515259,48.399345,9.982933,
Unna,439608,35723,51.53878,7.694852,
"Unna, Bahnhof",,439608,51.538982,7.692858,1
Usti nad Labem hl.n.,,663219,50.65956,14.044728,1
Usti nad Labem hl.n.,663219,414026,50.65956,14.044728,
Usti nad Labem-Strekov,,269857,50.64979,14.048374,1
Usti nad Labem-Strekov,269857,473246,50.64979,14.048374,
Utrecht Centraal,,78273,52.089397,5.109861,1
Utrecht Centraal,78273,105307,52.089397,5.109861,
Vac,,265701,47.782726,19.13306,1
Vac,265701,19774,47.782726,19.13306,
Vaihingen,,179716,48.72698,9.113912,1
Vaihingen (E),,608112,48.94815,8.957578,1
Vaihingen(Enz),608112,239984,48.948746,8.956868,
Vaihingen(Enz),608112,43115,48.948116,8.957632,
Vaihingen(Enz),608112,590949,48.948555,8.956527,
Vamdrup st,,226903,55.428093,9.286454,1
Vamdrup st,226903,4576,55.428093,9.286454,
Velgast,,338177,54.277256,12.803149,1
Velgast,338177,178568,54.27737,12.803167,
Velgast,338177,301528,54.277435,12.803131,
Venezia Mestre,,20163,45.481907,12.231898,1
Venezia Mestre,20163,628933,45.481907,12.231898,
Venezia Santa Lucia,,275556,45.441395,12.320459,1
Venezia Santa Lucia,275556,343339,45.441395,12.320459,
Venlo,,45397,51.364407,6.171838,1
Venlo,45397,485108,51.364407,6.171838,
Venlo(Gr),,41045,51.340893,6.192712,1
Venlo(Gr),41045,133731,51.340893,6.192712,
Verden(Aller),,12570,52.920864,9.237906,1
Verden(Aller),12570,455840,52.92083,9.237933,
Verona Porta Nuova,,235358,45.428658,10.982739,1
Verona Porta Nuova,235358,222533,45.428658,10.982739,
Vicenza,,98796,45.5411,11.540777,1
Vicenza,98796,189841,45.5411,11.540777,
Viersen,244069,136967,51.254642,6.404907,
Viersen,244069,654771,51.254646,6.404997,
Viersen,244069,74760,51.254948,6.403896,
Viersen Bahnhof,,244069,51.2545,6.404,1
Villingen Busbahnhof,,639476,48.057804,8.465427,1
Villingen(Schwarzw),639476,407716,48.05771,8.465588,
Villingen(Schwarzw),639476,410228,48.057617,8.465553,
Visp,,161139,46.29403,7.881465,1
Visp,161139,135613,46.29403,7.881465,
Vojens st,,215013,55.248478,9.304915,1
Vojens st,215013,345189,55.248478,9.304915,
Vöcklabruck,,375155,48.010067,13.663703,1
Vöcklabruck,375155,75687,48.010067,13.663703,
Wabern(Bz Kassel),,112696,51.103134,9.35804,1
Wabern(Bz Kassel),112696,430474,51.103134,9.35804,
Wanne-Eickel Hbf,42189,112348,51.531178,7.166499,
Wanne-Eickel Hbf,42189,118101,51.531357,7.166247,
Wanne-Eickel Hbf,42189,221155,51.531303,7.166328,
Wanne-Eickel Hbf,42189,419174,51.531445,7.166122,
Wanne-Eickel Hbf,42189,8768,51.531258,7.165783,
Warburg(Westf),480088,295896,51.49288,9.164163,
Warburg(Westf),480088,415149,51.492992,9.164235,
"Warburg, Bahnhof",,480088,51.492954,9.163849,1
Waren (Müritz) Bahnhof,,575798,53.52151,12.681077,1
Waren(Müritz),575798,204230,53.521687,12.680672,
Waren(Müritz),575798,595808,53.52164,12.680484,
Warszawa Centralna,,586377,52.22886,21.003235,1
Warszawa Centralna,586377,114310,52.22886,21.003235,
Warszawa Wschodnia,,306734,52.25155,21.052336,1
Warszawa Wschodnia,306734,436859,52.25155,21.052336,
Warszawa Zachodnia,,66682,52.21997,20.965246,1
Warszawa Zachodnia,66682,174120,52.21997,20.965246,
Weil am Rhein,580001,139244,47.59368,7.608245,
Weil am Rhein,580001,467689,47.59364,7.608497,
Weil am Rhein Bahnhof,,580001,47.593693,7.608739,1
Weilheim,,36408,47.845108,11.143502,1
Weilheim(Oberbay),36408,155224,47.845417,11.143017,
Weilheim(Oberbay),36408,408140,47.845955,11.14423,
Weimar,,457990,50.991486,11.326463,1
Weimar,457990,151025,50.991486,11.326458,
Weinheim(Bergstr)Hbf,192697,301035,49.55361,8.665401,
Weinheim(Bergstr)Hbf,192697,384601,49.553547,8.665607,
"Weinheim, Hauptbahnhof",,192697,49.55333,8.665697,1
Weißenfels,,357203,51.204617,11.970926,1
Weißenfels,357203,377632,51.204617,11.970926,
Wels Hbf,,512665,48.166077,14.026569,1
Wels Hbf,512665,259076,48.166077,14.026569,
Werdohl,39320,13103,51.259476,7.757887,
Werdohl,39320,609528,51.25952,7.757734,
"Werdohl, Bahnhof",,39320,51.259487,7.757545,1
Werfen,,597583,47.4726,13.195183,1
Werfen,597583,385184,47.4726,13.195183,
Westerland(Sylt),523434,550433,54.906853,8.31098,
Westerland(Sylt) ZOB/Bahnhof,,523434,54.906895,8.310884,1
Westerstede-Ocholt,,175991,53.20229,7.886531,1
Westerstede-Ocholt,175991,400505,53.202248,7.886519,
Wetzlar,483194,288183,50.56566,8.504213,
Wetzlar Bahnhof,,483194,50.56566,8.504213,1
Wien Hauptbahnhof,,489713,48.185104,16.377113,1
Wien Hbf,489713,394312,48.1851,16.377113,
Wien Hütteldorf,,40097,48.197258,16.26125,1
Wien Hütteldorf,40097,133653,48.197258,16.26125,
Wien Meidling,,584085,48.17445,16.333088,1
Wien Meidling,584085,644433,48.17445,16.333088,
Wiener Neustadt Hbf,,96093,47.81056,16.233187,1
Wiener Neustadt Hbf,96093,151976,47.81056,16.233187,
Wiesbaden Hauptbahnhof,,436490,50.069477,8.244631,1
Wiesbaden Hbf,436490,186547,50.06972,8.243677,
Wiesbaden Hbf,436490,321053,50.069477,8.244631,
Wiesloch-Walldorf,399041,411565,49.29107,8.664053,
Wiesloch-Walldorf,399041,636692,49.291042,8.664242,
"Wiesloch-Walldorf, Bf",,399041,49.291016,8.664449,1
Winterthur,,581883,47.500336,8.723821,1
Winterthur,581883,539378,47.500336,8.723821,
Witten Hbf,,564907,51.43542,7.330217,1
Witten Hbf,564907,46721,51.435375,7.329327,
Witten Hbf,564907,520925,51.435436,7.32948,
Wittenberge,493520,221643,53.00387,11.762465,
Wittenberge,493520,271159,53.003883,11.762578,
Wittenberge,493520,522000,53.004498,11.762504,
"Wittenberge, Bahnhof",,493520,53.002373,11.763205,1
Wloszczowa Polnoc,,461968,50.85811,19.947002,1
Wloszczowa Polnoc,461968,71298,50.85811,19.947002,
Wolfsburg Hbf,649199,14784,52.429665,10.787913,
Wolfsburg Hbf,649199,523612,52.429382,10.787698,
"Wolfsburg, Hauptbahnhof",,649199,52.42946,10.78776,1
Worms Hbf,265946,299012,49.63494,8.356448,
Worms Hbf,265946,319668,49.634727,8.356596,
Worms Hbf,265946,621784,49.63501,8.356596,
"Worms, Hauptbahnhof",,265946,49.635113,8.356955,1
Wroclaw Glowny,,52132,51.09808,17.037088,1
Wroclaw Glowny,52132,139099,51.09808,17.037088,
Wuppertal Hbf,,409692,51.25508,7.149323,1
Wuppertal Hbf,409692,349976,51.254597,7.150042,
Wuppertal Hbf,409692,358258,51.254364,7.149543,
Wuppertal Hbf,409692,70331,51.254417,7.150114,
Wörgl Hbf,,294266,47.4918,12.060581,1
Wörgl Hbf,294266,306683,47.4918,12.060581,
Würzburg Hbf,,387745,49.801796,9.93578,1
Würzburg Hbf,387745,105858,49.802,9.935924,
Würzburg Hbf,387745,393537,49.801895,9.935897,
Würzburg Hbf,387745,465052,49.802395,9.936113,
Würzburg Hbf,387745,468877,49.80226,9.936041,
Würzburg Hbf,387745,558171,49.801796,9.93578,
Würzburg Hbf,387745,74074,49.80213,9.935987,
Zabrze,,158846,50.30528,18.786947,1
Zabrze,158846,18076,50.30528,18.786947,
Zagreb Glavni kolodvor,,68348,45.80444,15.978705,1
Zagreb Glavni kolodvor,68348,138636,45.80444,15.978705,
Zapresic,,342852,45.844494,15.813187,1
Zapresic,342852,626601,45.844494,15.813187,
Zbaszynek,,472511,52.242508,15.818092,1
Zbaszynek,472511,168061,52.242508,15.818092,
Zebrzydowice,,244680,49.87049,18.623697,1
Zebrzydowice,244680,240976,49.87049,18.623697,
Zebrzydowice(Gr),,568805,49.884163,18.57093,1
Zebrzydowice(Gr),568805,346906,49.884163,18.57093,
Zell am See,,343396,47.32052,12.796571,1
Zell am See,343396,47149,47.32052,12.796571,
Zielona Gora Glowna,,465854,51.947437,15.513709,1
Zielona Gora Glowna,465854,238321,51.947437,15.513709,
Zürich Flughafen,,193076,47.450386,8.562402,1
Zürich Flughafen,193076,401112,47.450386,8.562402,
Zürich HB,,412680,47.378178,8.540212,1
Zürich HB,412680,26258,47.378178,8.540212,
Ötztal,,549541,47.238483,10.859114,1
Ötztal,549541,170422,47.238483,10.859114,
Übersee,,69391,47.822044,12.487337,1
Übersee,69391,484480,47.8221,12.487651,
Übersee,69391,648605,47.82184,12.486681,
